tag 1,pct 1,tag 2,pct 2,tag 3,pct 3,tag 4,pct 4,tag 5,pct 5
huwelijk,0.99975806,geboorte,0.00020558432,sint,3.6347497e-05,speelgoed,4.756287e-08,vakantie,1.320367e-09
huwelijk,0.99999917,geboorte,8.681971e-07,sint,8.324118e-11,speelgoed,4.749926e-12,vakantie,7.5650196e-13
huwelijk,0.99771607,geboorte,0.0022811925,speelgoed,1.9737167e-06,sint,6.8846435e-07,vakantie,3.0333364e-08
huwelijk,0.9999925,geboorte,4.7977023e-06,sint,2.7155118e-06,speelgoed,4.98908e-09,vakantie,3.959191e-11
huwelijk,0.5876465,geboorte,0.38505667,speelgoed,0.01640953,vakantie,0.010389669,sint,0.000497567
huwelijk,0.996236,geboorte,0.0037618622,speelgoed,1.2974717e-06,vakantie,6.8468194e-07,sint,1.5558699e-07
huwelijk,0.94077677,sint,0.03623258,vakantie,0.019775312,geboorte,0.0023169317,speelgoed,0.0008985673
vakantie,0.9999182,huwelijk,4.8576952e-05,speelgoed,2.1415084e-05,geboorte,1.172385e-05,sint,2.6671753e-08
vakantie,0.999964,speelgoed,3.4496945e-05,geboorte,9.913724e-07,huwelijk,4.7001194e-07,sint,4.8437357e-08
vakantie,0.9720703,speelgoed,0.027869083,sint,4.4526223e-05,huwelijk,1.069296e-05,geboorte,5.4217358e-06
vakantie,0.99941707,huwelijk,0.00031787434,geboorte,0.0001499789,speelgoed,0.00011503987,sint,3.75376e-08
vakantie,0.99921215,huwelijk,0.00061998155,speelgoed,0.00015043399,geboorte,1.6489774e-05,sint,9.131716e-07
vakantie,0.9995308,speelgoed,0.00046867036,geboorte,4.7481436e-07,sint,3.429446e-08,huwelijk,1.1547527e-08
vakantie,0.99148846,geboorte,0.006069037,speelgoed,0.0022004307,huwelijk,0.00024195413,sint,8.20823e-08
vakantie,0.9990011,speelgoed,0.00057144393,geboorte,0.00037778568,huwelijk,4.964769e-05,sint,2.325903e-08
vakantie,0.99505144,speelgoed,0.004807472,geboorte,0.00011826899,huwelijk,2.2599603e-05,sint,2.6654675e-07
vakantie,0.9999865,speelgoed,1.2522375e-05,geboorte,8.838139e-07,huwelijk,5.126269e-08,sint,8.9826924e-10
vakantie,0.999938,speelgoed,6.187789e-05,geboorte,8.506396e-08,huwelijk,6.0404346e-08,sint,5.3807367e-09
vakantie,0.9943557,speelgoed,0.0048933234,geboorte,0.0005475654,huwelijk,0.00020222405,sint,1.2218377e-06
vakantie,0.66073596,geboorte,0.20290406,speelgoed,0.1333872,huwelijk,0.002971662,sint,1.1386753e-06
vakantie,0.9909723,speelgoed,0.008015924,geboorte,0.0009802694,huwelijk,3.1503045e-05,sint,7.930646e-08
vakantie,0.90047777,speelgoed,0.09247914,geboorte,0.004822724,sint,0.0017713002,huwelijk,0.000448993
vakantie,0.9997092,huwelijk,0.0001537812,geboorte,8.206139e-05,speelgoed,5.4870463e-05,sint,1.9123872e-08
vakantie,0.9999683,speelgoed,1.5735512e-05,huwelijk,1.5587526e-05,geboorte,3.3608006e-07,sint,4.5439567e-08
vakantie,0.9999294,speelgoed,7.045634e-05,geboorte,8.403245e-08,huwelijk,1.7421836e-08,sint,4.645759e-09
vakantie,0.99996567,speelgoed,3.4090805e-05,geboorte,1.7052808e-07,huwelijk,3.6094857e-08,sint,2.964938e-09
vakantie,0.9990252,speelgoed,0.00051592576,geboorte,0.00043386754,huwelijk,2.4867131e-05,sint,8.337957e-08
vakantie,0.9999664,speelgoed,3.2871583e-05,huwelijk,5.534248e-07,geboorte,1.9829632e-07,sint,3.480245e-09
vakantie,0.915651,speelgoed,0.082235284,geboorte,0.0011241426,huwelijk,0.000987698,sint,1.7880122e-06
vakantie,0.9998362,speelgoed,9.413951e-05,huwelijk,5.5916207e-05,geboorte,1.3645633e-05,sint,2.6511934e-08
vakantie,0.99950945,speelgoed,0.00047746857,geboorte,7.678775e-06,huwelijk,5.354916e-06,sint,6.109694e-08
vakantie,0.9999715,speelgoed,2.8338114e-05,huwelijk,5.538592e-08,geboorte,4.200924e-08,sint,1.9378055e-08
vakantie,0.99646026,huwelijk,0.0026392364,geboorte,0.0005996485,speelgoed,0.00030076058,sint,6.631961e-08
vakantie,0.9925256,geboorte,0.003690292,speelgoed,0.0025993409,huwelijk,0.001184663,sint,1.4820839e-07
vakantie,0.9158286,speelgoed,0.08304268,geboorte,0.0011263868,huwelijk,1.4061243e-06,sint,9.2146956e-07
vakantie,0.999423,speelgoed,0.0005762251,geboorte,3.1848597e-07,huwelijk,3.0522563e-07,sint,1.5024011e-07
vakantie,0.99999845,speelgoed,1.4582172e-06,geboorte,6.002462e-08,huwelijk,2.9089746e-08,sint,2.4205576e-10
vakantie,0.9599964,speelgoed,0.039877065,geboorte,7.760672e-05,sint,3.2169344e-05,huwelijk,1.6744587e-05
vakantie,0.9977584,speelgoed,0.0022187224,geboorte,2.2218963e-05,huwelijk,4.807569e-07,sint,1.7059719e-07
vakantie,0.9597279,speelgoed,0.0401016,geboorte,0.00016236922,sint,4.9763316e-06,huwelijk,3.1999223e-06
vakantie,0.9999745,speelgoed,2.5390693e-05,huwelijk,1.2048594e-07,geboorte,3.5959527e-08,sint,9.489332e-09
vakantie,0.9968941,huwelijk,0.0018148557,speelgoed,0.0012301436,geboorte,6.000753e-05,sint,8.0864544e-07
vakantie,0.9930918,speelgoed,0.006902478,geboorte,5.5894902e-06,sint,7.235552e-08,huwelijk,1.2446279e-08
vakantie,0.9998895,geboorte,5.08078e-05,huwelijk,2.9917628e-05,speelgoed,2.9652638e-05,sint,6.147231e-08
vakantie,0.98827946,speelgoed,0.011136279,geboorte,0.00056461594,sint,1.039525e-05,huwelijk,9.192255e-06
vakantie,0.9999112,speelgoed,8.530512e-05,geboorte,3.1234722e-06,huwelijk,3.1869715e-07,sint,1.4482338e-08
vakantie,0.9997507,geboorte,0.00017872214,speelgoed,5.4507276e-05,huwelijk,1.5971847e-05,sint,8.111563e-08
vakantie,0.9999119,speelgoed,8.8106266e-05,geboorte,2.2109663e-08,huwelijk,2.7452582e-09,sint,1.7884123e-09
vakantie,0.99999213,speelgoed,7.3608285e-06,huwelijk,3.6679782e-07,geboorte,1.7041555e-07,sint,2.8660194e-09
vakantie,0.99935657,speelgoed,0.0006433841,geboorte,4.2491664e-08,sint,4.9598894e-09,huwelijk,1.0185242e-09
vakantie,0.9961383,speelgoed,0.003854839,geboorte,6.817991e-06,sint,7.4781994e-08,huwelijk,1.8192727e-08
vakantie,0.9509879,huwelijk,0.045149084,speelgoed,0.0026455908,geboorte,0.0012163325,sint,1.1424169e-06
vakantie,0.83732784,huwelijk,0.14944915,geboorte,0.0074313064,speelgoed,0.005790599,sint,1.1373535e-06
vakantie,0.99833965,speelgoed,0.0011739975,geboorte,0.00046462292,huwelijk,2.1224458e-05,sint,4.66141e-07
vakantie,0.9979354,speelgoed,0.0020348388,geboorte,2.700701e-05,huwelijk,2.002325e-06,sint,7.702515e-07
vakantie,0.99859315,speelgoed,0.0012822354,geboorte,7.960764e-05,huwelijk,4.4872064e-05,sint,7.6142186e-08
vakantie,0.99992967,speelgoed,5.179474e-05,huwelijk,1.8046556e-05,geboorte,4.4029446e-07,sint,7.465978e-09
vakantie,0.9993973,speelgoed,0.00060249295,huwelijk,9.369973e-08,geboorte,8.135589e-08,sint,1.0502517e-08
geboorte,0.9999218,huwelijk,7.646818e-05,speelgoed,1.5466469e-06,sint,1.17192286e-07,vakantie,1.6236908e-10
geboorte,0.99990857,speelgoed,7.975669e-05,huwelijk,1.1724127e-05,sint,3.0952503e-09,vakantie,2.354639e-09
geboorte,0.998825,huwelijk,0.001169853,sint,3.0906451e-06,speelgoed,1.9688118e-06,vakantie,2.5471728e-10
geboorte,0.9999944,huwelijk,4.591339e-06,speelgoed,9.257709e-07,sint,2.666267e-10,vakantie,1.3359353e-10
geboorte,0.98882395,speelgoed,0.010866995,sint,0.00030760717,huwelijk,1.375619e-06,vakantie,1.575916e-08
vakantie,0.9999163,speelgoed,6.2587955e-05,huwelijk,1.0466982e-05,geboorte,1.0413475e-05,sint,1.5423824e-07
vakantie,0.9985031,speelgoed,0.0014680781,geboorte,2.5364505e-05,huwelijk,3.3156894e-06,sint,1.1453139e-07
vakantie,0.96800977,speelgoed,0.023561882,huwelijk,0.0073201903,geboorte,0.0010502271,sint,5.7947767e-05
vakantie,0.9942233,geboorte,0.0035855137,huwelijk,0.0012867952,speelgoed,0.00090430526,sint,1.4099132e-07
vakantie,0.9884056,speelgoed,0.011564098,huwelijk,2.8052827e-05,geboorte,2.127833e-06,sint,1.08491804e-07
vakantie,0.9999846,speelgoed,1.5139537e-05,geboorte,1.713984e-07,huwelijk,3.8562263e-08,sint,1.9866429e-09
vakantie,0.95046043,speelgoed,0.048186596,geboorte,0.0013476133,huwelijk,3.2057362e-06,sint,2.174843e-06
vakantie,0.9932863,speelgoed,0.0066837487,geboorte,2.9451112e-05,sint,3.7379397e-07,huwelijk,1.2232171e-07
speelgoed,0.9984415,geboorte,0.0015502133,vakantie,7.856413e-06,sint,3.954009e-07,huwelijk,5.238225e-09
vakantie,0.9961597,speelgoed,0.0037693484,geboorte,7.0111244e-05,huwelijk,6.365196e-07,sint,2.0476514e-07
vakantie,0.9990638,speelgoed,0.0007965652,huwelijk,8.1463935e-05,geboorte,5.7502202e-05,sint,6.488983e-07
vakantie,0.97245944,huwelijk,0.02629436,speelgoed,0.0010670775,geboorte,0.00017868108,sint,4.9331635e-07
vakantie,0.9986613,speelgoed,0.0010139676,huwelijk,0.0003059055,geboorte,1.8555618e-05,sint,2.972572e-07
vakantie,0.99795306,speelgoed,0.0020094116,geboorte,3.73244e-05,huwelijk,1.1107882e-07,sint,1.4599719e-08
huwelijk,0.99895656,geboorte,0.0008041701,speelgoed,0.0001459365,sint,8.941846e-05,vakantie,3.90588e-06
vakantie,0.9998714,speelgoed,8.6448585e-05,huwelijk,3.4024226e-05,geboorte,8.116807e-06,sint,5.288647e-08
geboorte,0.9986248,speelgoed,0.0010349125,sint,0.0003306494,huwelijk,9.514619e-06,vakantie,6.413963e-08
huwelijk,0.9985927,sint,0.001325226,geboorte,7.989776e-05,speelgoed,2.3195241e-06,vakantie,2.252149e-08
sint,0.848933,geboorte,0.13350317,speelgoed,0.016515845,huwelijk,0.0010444648,vakantie,3.566925e-06
geboorte,0.98696935,sint,0.007592852,speelgoed,0.005248062,huwelijk,0.0001871362,vakantie,2.6152018e-06
speelgoed,0.9586209,geboorte,0.03841145,sint,0.002963668,vakantie,3.9003166e-06,huwelijk,1.0225862e-07
huwelijk,0.37711167,speelgoed,0.3602189,geboorte,0.20670643,vakantie,0.054619595,sint,0.0013434051
geboorte,0.99960345,speelgoed,0.00034525475,huwelijk,3.9547576e-05,sint,1.1815021e-05,vakantie,2.2638307e-08
geboorte,0.99158806,huwelijk,0.0074231494,speelgoed,0.0008265976,sint,0.00016006953,vakantie,2.131198e-06
geboorte,0.9798624,speelgoed,0.019973274,sint,0.00015994874,huwelijk,4.106623e-06,vakantie,3.2341222e-07
speelgoed,0.98311114,vakantie,0.016303089,sint,0.00058015034,geboorte,5.502279e-06,huwelijk,1.011174e-07
vakantie,0.57297105,speelgoed,0.39953455,huwelijk,0.025308179,sint,0.0011025441,geboorte,0.0010836511
huwelijk,0.98692966,sint,0.0071217,geboorte,0.005901465,speelgoed,3.833186e-05,vakantie,8.872985e-06
huwelijk,0.98962516,geboorte,0.0102089755,sint,0.00016054975,speelgoed,4.210837e-06,vakantie,1.0414285e-06
geboorte,0.9905873,huwelijk,0.009329716,sint,5.420231e-05,speelgoed,2.8444447e-05,vakantie,3.493442e-07
geboorte,0.9817332,sint,0.0128050195,huwelijk,0.0037527394,speelgoed,0.0017079271,vakantie,1.0309217e-06
geboorte,0.9945262,speelgoed,0.0053371233,sint,7.502367e-05,huwelijk,6.113935e-05,vakantie,4.6050909e-07
geboorte,0.9899602,huwelijk,0.0062119085,speelgoed,0.0037187482,sint,0.000101665595,vakantie,7.5558473e-06
geboorte,0.9253881,huwelijk,0.06886127,sint,0.003386233,speelgoed,0.002331954,vakantie,3.246519e-05
huwelijk,0.9812387,geboorte,0.016820427,sint,0.0019317718,speelgoed,7.499395e-06,vakantie,1.4781822e-06
geboorte,0.9994667,speelgoed,0.00052736746,sint,3.7086518e-06,huwelijk,1.70499e-06,vakantie,5.61919e-07
geboorte,0.90869904,speelgoed,0.04825859,huwelijk,0.037873067,sint,0.0040529068,vakantie,0.0011164094
huwelijk,0.9908269,sint,0.0068561393,geboorte,0.002274954,speelgoed,3.4370438e-05,vakantie,7.639008e-06
geboorte,0.9599861,huwelijk,0.03333971,speelgoed,0.005000042,sint,0.0016623486,vakantie,1.1737426e-05
geboorte,0.9963264,huwelijk,0.002871577,speelgoed,0.0006885018,sint,0.00011358823,vakantie,2.3997462e-08
geboorte,0.98433024,huwelijk,0.009039607,speelgoed,0.0057814154,sint,0.00084869575,vakantie,4.267335e-08
geboorte,0.9966444,sint,0.0024480615,huwelijk,0.00045525446,speelgoed,0.00045222027,vakantie,6.449e-08
speelgoed,0.99629396,sint,0.0018971764,geboorte,0.0015619386,vakantie,0.00022836079,huwelijk,1.846859e-05
speelgoed,0.93801564,sint,0.05857441,huwelijk,0.0027969582,geboorte,0.00058710907,vakantie,2.5969817e-05
geboorte,0.9857948,huwelijk,0.013113504,speelgoed,0.0009834813,vakantie,0.00010613478,sint,2.1114447e-06
vakantie,0.989943,huwelijk,0.0049042758,speelgoed,0.003218673,geboorte,0.0018377571,sint,9.6301774e-05
huwelijk,0.9997241,geboorte,0.0002722102,sint,3.6553354e-06,speelgoed,2.5374277e-08,vakantie,1.2987817e-09
vakantie,0.9965322,geboorte,0.0029512984,speelgoed,0.00033288327,huwelijk,0.00018332823,sint,2.9829033e-07
vakantie,0.9947706,speelgoed,0.005188877,geboorte,3.8261365e-05,huwelijk,1.9597376e-06,sint,2.4326758e-07
vakantie,0.9984047,speelgoed,0.0015908348,geboorte,3.412855e-06,sint,8.811208e-07,huwelijk,1.7846322e-07
huwelijk,0.9990232,geboorte,0.0008909029,sint,6.7310124e-05,speelgoed,1.676789e-05,vakantie,1.785684e-06
huwelijk,0.79988426,speelgoed,0.102310576,sint,0.07530534,geboorte,0.020670153,vakantie,0.0018296798
huwelijk,0.98595667,geboorte,0.014026325,sint,1.6554544e-05,speelgoed,4.7762796e-07,vakantie,1.8119015e-09
huwelijk,0.999998,geboorte,2.0479583e-06,sint,2.989761e-08,speelgoed,7.99907e-10,vakantie,9.992493e-11
huwelijk,0.9992182,geboorte,0.0007543487,sint,2.7244152e-05,speelgoed,1.6550024e-07,vakantie,2.0529611e-09
huwelijk,0.9999943,geboorte,5.588573e-06,sint,1.15527996e-07,speelgoed,1.5247274e-08,vakantie,6.6910153e-09
huwelijk,0.99999976,geboorte,1.967479e-07,sint,1.0315855e-08,vakantie,9.7639115e-09,speelgoed,1.6581648e-09
huwelijk,0.9999181,geboorte,5.482193e-05,sint,2.0192167e-05,speelgoed,4.689188e-06,vakantie,2.2700335e-06
huwelijk,0.99989486,geboorte,3.666499e-05,speelgoed,3.6270958e-05,sint,2.5486484e-05,vakantie,6.6651924e-06
huwelijk,0.9927343,geboorte,0.007186383,sint,4.53255e-05,vakantie,2.9113413e-05,speelgoed,4.816964e-06
huwelijk,0.99999726,geboorte,2.4523551e-06,sint,9.444952e-08,speelgoed,6.388544e-08,vakantie,1.6593575e-08
huwelijk,0.99947613,geboorte,0.0004910261,sint,3.167346e-05,vakantie,8.945047e-07,speelgoed,1.893113e-07
huwelijk,0.9978389,geboorte,0.002159976,vakantie,1.2466967e-06,speelgoed,5.2204687e-08,sint,6.3483854e-09
vakantie,0.9126119,speelgoed,0.072223864,geboorte,0.015159332,sint,4.0805708e-06,huwelijk,8.8917267e-07
vakantie,0.9991242,speelgoed,0.0008535304,geboorte,2.0916073e-05,huwelijk,1.2613536e-06,sint,1.12316584e-07
vakantie,0.8338734,speelgoed,0.12958209,geboorte,0.036503043,sint,2.4589235e-05,huwelijk,1.6866685e-05
vakantie,0.9965772,speelgoed,0.0023340788,huwelijk,0.000790722,geboorte,0.00027350453,sint,2.4532002e-05
vakantie,0.8513553,huwelijk,0.11745067,geboorte,0.030624876,speelgoed,0.00056705263,sint,2.0842704e-06
vakantie,0.99775165,speelgoed,0.0021965296,geboorte,4.6344343e-05,huwelijk,4.8318584e-06,sint,6.1179315e-07
vakantie,0.98130035,speelgoed,0.0128493225,geboorte,0.0057410155,huwelijk,0.0001024068,sint,6.9159573e-06
vakantie,0.9994924,speelgoed,0.000449994,huwelijk,4.1738887e-05,geboorte,1.5580525e-05,sint,2.3211346e-07
geboorte,0.99314636,huwelijk,0.006766849,speelgoed,4.4887343e-05,sint,4.1780073e-05,vakantie,1.7283806e-07
speelgoed,0.9972506,geboorte,0.0015606928,vakantie,0.0008909563,sint,0.00029704787,huwelijk,7.4847406e-07
speelgoed,0.99571556,vakantie,0.00255037,geboorte,0.0015757924,sint,0.00015503963,huwelijk,3.186523e-06
huwelijk,0.99929154,geboorte,0.00069595326,vakantie,8.012057e-06,speelgoed,3.129155e-06,sint,1.4248011e-06
vakantie,0.99998546,speelgoed,1.4194025e-05,geboorte,2.2331228e-07,huwelijk,1.4364859e-07,sint,1.3270456e-09
vakantie,0.999984,speelgoed,1.5657884e-05,geboorte,1.8720868e-07,huwelijk,8.5961034e-08,sint,2.9122509e-09
vakantie,0.88412744,speelgoed,0.11536781,geboorte,0.00037478923,sint,0.00012381659,huwelijk,6.193876e-06
vakantie,0.99997103,speelgoed,2.8129936e-05,geboorte,5.748837e-07,huwelijk,2.2794201e-07,sint,5.387469e-08
vakantie,0.93125457,speelgoed,0.04216265,geboorte,0.02624115,huwelijk,0.0003331179,sint,8.469078e-06
huwelijk,0.98416543,geboorte,0.015831534,speelgoed,1.9617144e-06,sint,9.932085e-07,vakantie,8.104301e-08
vakantie,0.9966871,speelgoed,0.0031268003,geboorte,0.00010155359,sint,7.678288e-05,huwelijk,7.751269e-06
speelgoed,0.9826598,vakantie,0.01595221,geboorte,0.0010063221,sint,0.0003744009,huwelijk,7.3073797e-06
vakantie,0.9807567,speelgoed,0.012807676,huwelijk,0.004839528,geboorte,0.0012805562,sint,0.0003155648
huwelijk,0.999433,geboorte,0.00034169373,vakantie,0.00019633258,sint,1.588324e-05,speelgoed,1.3131203e-05
speelgoed,0.98452157,geboorte,0.013673232,vakantie,0.0017833443,huwelijk,1.5352933e-05,sint,6.553522e-06
vakantie,0.8426507,speelgoed,0.1571955,sint,8.127545e-05,geboorte,7.229671e-05,huwelijk,1.9128753e-07
speelgoed,0.992781,vakantie,0.007066521,geboorte,0.00015084361,sint,1.3758221e-06,huwelijk,3.0715316e-07
speelgoed,0.9997037,geboorte,0.00023365108,vakantie,5.374538e-05,sint,8.521558e-06,huwelijk,3.6166313e-07
huwelijk,0.9993917,geboorte,0.00058370153,sint,2.2193255e-05,speelgoed,2.5367558e-06,vakantie,2.524546e-08
speelgoed,0.913803,geboorte,0.07330767,vakantie,0.012713458,huwelijk,9.952799e-05,sint,7.6424294e-05
vakantie,0.93265575,huwelijk,0.062408436,sint,0.0025247147,geboorte,0.0015009138,speelgoed,0.0009101276
vakantie,0.9999858,speelgoed,7.489114e-06,huwelijk,4.726146e-06,geboorte,1.9897884e-06,sint,1.6266567e-09
vakantie,0.799685,speelgoed,0.1422906,geboorte,0.05791239,sint,9.664604e-05,huwelijk,1.5305763e-05
speelgoed,0.6655315,vakantie,0.31654733,geboorte,0.010268363,sint,0.0075900364,huwelijk,6.274512e-05
vakantie,0.99998903,speelgoed,9.535006e-06,geboorte,1.2383192e-06,huwelijk,1.5809873e-07,sint,4.4198006e-10
vakantie,0.94298905,speelgoed,0.03273682,geboorte,0.024233382,huwelijk,3.7106853e-05,sint,3.5877924e-06
speelgoed,0.62659687,vakantie,0.3647961,geboorte,0.008470391,sint,0.00010796689,huwelijk,2.8623279e-05
vakantie,0.99542797,speelgoed,0.0039890334,geboorte,0.00052932964,huwelijk,5.002424e-05,sint,3.5961677e-06
vakantie,0.9975158,huwelijk,0.0016202406,geboorte,0.00077019434,speelgoed,9.373125e-05,sint,7.428975e-08
vakantie,0.96655613,speelgoed,0.033402957,geboorte,3.8822425e-05,sint,1.6469244e-06,huwelijk,5.056334e-07
vakantie,0.5681427,huwelijk,0.43121335,geboorte,0.00041940482,speelgoed,0.00021994488,sint,4.5774896e-06
huwelijk,0.99996066,vakantie,3.6183133e-05,geboorte,2.9732807e-06,speelgoed,1.0947475e-07,sint,2.183119e-08
vakantie,0.9962446,speelgoed,0.0030110688,geboorte,0.0007390949,huwelijk,3.4055981e-06,sint,1.8189762e-06
huwelijk,0.999841,geboorte,0.00011336101,sint,2.8423809e-05,vakantie,1.0645681e-05,speelgoed,6.7190663e-06
huwelijk,0.9996338,geboorte,0.0003656203,sint,5.7539125e-07,speelgoed,2.5082754e-08,vakantie,5.0377265e-11
huwelijk,0.92141974,geboorte,0.07827744,speelgoed,0.0002713086,vakantie,3.0397425e-05,sint,1.0793207e-06
huwelijk,0.9999206,geboorte,7.931928e-05,sint,1.6035891e-07,speelgoed,1.2615393e-08,vakantie,1.1944777e-10
huwelijk,0.9999844,geboorte,1.46674565e-05,sint,9.0050133e-07,speelgoed,2.8846985e-09,vakantie,2.5491181e-10
huwelijk,0.9899395,geboorte,0.007567272,sint,0.0024037985,speelgoed,8.734151e-05,vakantie,2.0701464e-06
huwelijk,0.9998399,geboorte,0.0001576346,sint,1.563357e-06,speelgoed,8.5041137e-07,vakantie,4.2613124e-08
vakantie,0.99730647,speelgoed,0.0026815694,geboorte,9.643146e-06,huwelijk,2.0707475e-06,sint,2.629017e-07
vakantie,0.9996587,speelgoed,0.0003246879,geboorte,1.5944795e-05,huwelijk,5.583493e-07,sint,8.1940215e-08
huwelijk,0.9999999,geboorte,1.6148184e-07,sint,3.1137894e-09,speelgoed,2.3290632e-12,vakantie,5.894109e-13
speelgoed,0.8886411,vakantie,0.09786624,geboorte,0.013407827,sint,6.987553e-05,huwelijk,1.4907967e-05
huwelijk,1,geboorte,3.9700254e-08,sint,2.1043353e-11,speelgoed,3.7605062e-13,vakantie,6.4387094e-14
speelgoed,0.995349,vakantie,0.0041553895,geboorte,0.00047771027,sint,1.7465176e-05,huwelijk,3.9429423e-07
huwelijk,0.99999964,geboorte,4.0625332e-07,speelgoed,2.145039e-09,sint,1.3430148e-09,vakantie,1.2698056e-09
huwelijk,0.99999785,geboorte,2.1851645e-06,vakantie,9.781555e-11,speelgoed,4.861766e-11,sint,4.7068315e-11
huwelijk,0.99999917,geboorte,8.125229e-07,sint,1.8551428e-10,vakantie,3.039954e-11,speelgoed,4.956903e-12
huwelijk,0.9997383,geboorte,0.00016976903,sint,9.1238384e-05,speelgoed,6.689092e-07,vakantie,8.797048e-09
huwelijk,0.99990773,geboorte,9.2283924e-05,sint,8.707336e-09,speelgoed,2.3696671e-09,vakantie,8.5480584e-10
huwelijk,0.99999285,geboorte,7.1094514e-06,sint,3.5054683e-08,speelgoed,4.4998248e-11,vakantie,4.745212e-13
vakantie,0.896977,speelgoed,0.09939388,geboorte,0.0025304994,huwelijk,0.0010928797,sint,5.7171615e-06
vakantie,0.78824246,speelgoed,0.14300635,geboorte,0.06527607,huwelijk,0.0034724534,sint,2.6670343e-06
huwelijk,0.516587,geboorte,0.46276015,vakantie,0.014300731,speelgoed,0.006189775,sint,0.00016222414
vakantie,0.7248112,speelgoed,0.2105019,geboorte,0.06462233,sint,3.401952e-05,huwelijk,3.0631018e-05
speelgoed,0.91568875,geboorte,0.084018745,vakantie,0.00015470567,sint,0.00013593536,huwelijk,1.937114e-06
speelgoed,0.8982283,sint,0.08742571,geboorte,0.009613438,huwelijk,0.0036506765,vakantie,0.0010819517
huwelijk,0.9999974,geboorte,2.6289745e-06,sint,5.848743e-08,speelgoed,7.915273e-10,vakantie,1.4609305e-11
sint,0.9979069,huwelijk,0.0014025266,geboorte,0.0005853681,speelgoed,0.000105130624,vakantie,2.0907738e-08
speelgoed,0.9953928,vakantie,0.0026074725,geboorte,0.0019588158,sint,3.9882685e-05,huwelijk,1.0639998e-06
geboorte,0.987199,huwelijk,0.010323974,vakantie,0.0018679297,speelgoed,0.00060848886,sint,4.2091406e-07
huwelijk,0.8942445,sint,0.10397341,geboorte,0.0017294576,speelgoed,5.2513144e-05,vakantie,5.5070547e-08
huwelijk,0.99724495,sint,0.0023685582,geboorte,0.00036760187,speelgoed,1.884592e-05,vakantie,3.9312763e-08
huwelijk,0.9987425,sint,0.00104751,geboorte,0.00020553224,speelgoed,4.5238467e-06,vakantie,4.8771767e-08
huwelijk,0.9999933,geboorte,6.2775375e-06,sint,3.8494167e-07,speelgoed,4.376734e-10,vakantie,4.104137e-12
huwelijk,0.99991274,geboorte,8.7235894e-05,sint,3.4079344e-09,speelgoed,7.468251e-11,vakantie,2.9728286e-12
huwelijk,0.99955493,geboorte,0.00044507987,sint,3.4175788e-08,speelgoed,1.0624792e-08,vakantie,3.44346e-10
huwelijk,0.999212,geboorte,0.0007879734,sint,1.6665922e-09,speelgoed,1.5444976e-09,vakantie,5.9049007e-12
huwelijk,0.9999461,geboorte,5.3865722e-05,sint,5.397244e-10,speelgoed,3.7345776e-10,vakantie,4.028552e-12
huwelijk,0.9985751,geboorte,0.0014249302,vakantie,3.1874652e-08,speelgoed,2.5160974e-08,sint,1.8432262e-08
speelgoed,0.9796637,geboorte,0.017525543,vakantie,0.0027903377,huwelijk,1.7070188e-05,sint,3.278442e-06
geboorte,0.99962044,speelgoed,0.00037937996,sint,1.1889506e-07,huwelijk,1.719799e-08,vakantie,3.6249654e-09
huwelijk,0.9994973,geboorte,0.00048811446,sint,1.44310025e-05,speelgoed,1.08105056e-07,vakantie,1.2886354e-09
huwelijk,0.99969745,geboorte,0.00030245504,sint,8.7476366e-08,speelgoed,1.5373487e-09,vakantie,2.2312248e-10
huwelijk,0.9999778,geboorte,2.2190816e-05,sint,1.3610372e-08,speelgoed,1.7034266e-10,vakantie,5.6736414e-11
huwelijk,0.99868816,geboorte,0.0013118734,speelgoed,3.781091e-08,sint,3.5026162e-09,vakantie,1.5699148e-10
speelgoed,0.9760691,vakantie,0.02240963,geboorte,0.0014886789,huwelijk,2.2275795e-05,sint,1.0330774e-05
geboorte,0.9961521,speelgoed,0.0029424091,vakantie,0.00079320965,huwelijk,0.00011161407,sint,5.346381e-07
huwelijk,0.9999436,geboorte,5.6410077e-05,sint,2.3201093e-08,speelgoed,8.233652e-11,vakantie,5.472605e-13
speelgoed,0.9893063,geboorte,0.006365112,huwelijk,0.0028623263,sint,0.0011016954,vakantie,0.00036451558
sint,0.98977727,speelgoed,0.004551191,huwelijk,0.0024965357,vakantie,0.0017931004,geboorte,0.0013819867
speelgoed,0.99865144,vakantie,0.001112125,sint,0.0002081781,geboorte,2.8074148e-05,huwelijk,1.6591936e-07
speelgoed,0.9998901,geboorte,7.123146e-05,vakantie,3.5180805e-05,sint,3.5341561e-06,huwelijk,8.454451e-09
sint,0.9999813,speelgoed,9.720545e-06,geboorte,8.529478e-06,huwelijk,3.5152053e-07,vakantie,1.7294394e-10
huwelijk,0.9985862,geboorte,0.0014138004,sint,1.2096028e-09,speelgoed,8.1806645e-10,vakantie,4.012515e-11
huwelijk,0.99505675,geboorte,0.004943017,sint,1.7258212e-07,speelgoed,1.5270678e-07,vakantie,1.1756132e-09
huwelijk,0.9995431,geboorte,0.00045693945,sint,2.5883182e-08,speelgoed,5.8599148e-09,vakantie,3.132053e-10
huwelijk,0.86929137,geboorte,0.13068788,sint,1.9721021e-05,speelgoed,1.006519e-06,vakantie,7.1981594e-09
huwelijk,0.9870566,geboorte,0.012933956,sint,9.161577e-06,speelgoed,2.797644e-07,vakantie,2.9235837e-08
huwelijk,0.9968951,geboorte,0.0031049189,sint,5.4111943e-08,speelgoed,5.1777245e-09,vakantie,9.109288e-11
huwelijk,0.9999075,geboorte,9.240112e-05,sint,6.223246e-08,speelgoed,7.1591627e-10,vakantie,1.11368595e-10
huwelijk,0.9999989,geboorte,1.0744773e-06,sint,7.9776546e-10,speelgoed,3.297045e-11,vakantie,7.550876e-13
huwelijk,0.99985206,geboorte,0.00014667273,speelgoed,5.544687e-07,vakantie,3.7949516e-07,sint,2.8467798e-07
geboorte,0.5525365,huwelijk,0.44746324,speelgoed,2.8478965e-07,sint,4.8374527e-08,vakantie,5.229184e-09
huwelijk,0.99999154,geboorte,8.436072e-06,sint,3.585448e-11,speelgoed,2.4057834e-11,vakantie,8.9048164e-13
sint,0.9999976,speelgoed,1.113073e-06,geboorte,1.0427802e-06,huwelijk,2.57427e-07,vakantie,2.8138087e-09
sint,0.83618224,geboorte,0.110445134,huwelijk,0.051971924,speelgoed,0.0013839434,vakantie,1.6738577e-05
sint,0.9984456,geboorte,0.0011113222,huwelijk,0.00035632105,speelgoed,8.677507e-05,vakantie,4.7842217e-08
sint,0.97434616,speelgoed,0.024917653,geboorte,0.00054173404,huwelijk,0.0001847764,vakantie,9.612883e-06
sint,0.9965827,geboorte,0.002032952,huwelijk,0.0013595045,speelgoed,2.4463028e-05,vakantie,4.138221e-07
sint,0.9999361,speelgoed,4.0487157e-05,geboorte,2.1739314e-05,huwelijk,1.6813208e-06,vakantie,2.0988438e-09
sint,0.99368095,huwelijk,0.0057847053,geboorte,0.00052182097,speelgoed,1.2413509e-05,vakantie,8.203302e-08
sint,0.9984389,huwelijk,0.0012501546,geboorte,0.00015871099,speelgoed,0.0001521018,vakantie,1.7137909e-07
speelgoed,0.8823135,vakantie,0.059664972,geboorte,0.057762537,huwelijk,0.0002000846,sint,5.8908805e-05
speelgoed,0.90721166,huwelijk,0.033773012,geboorte,0.033583708,sint,0.015250973,vakantie,0.010180647
sint,0.9993967,speelgoed,0.00060297595,geboorte,3.4743735e-07,vakantie,2.3055923e-08,huwelijk,8.15189e-09
sint,0.99994564,speelgoed,3.6451525e-05,huwelijk,1.4934417e-05,geboorte,2.8985808e-06,vakantie,3.2309924e-08
speelgoed,0.999094,geboorte,0.0007546528,sint,0.000119435244,vakantie,3.192769e-05,huwelijk,3.929561e-08
speelgoed,0.99613285,sint,0.0019303743,geboorte,0.0018517636,vakantie,8.004074e-05,huwelijk,4.9529112e-06
speelgoed,0.76619464,geboorte,0.22136858,sint,0.012434941,vakantie,1.7129003e-06,huwelijk,2.6756693e-08
speelgoed,0.9083138,geboorte,0.06270372,sint,0.015922016,vakantie,0.012706849,huwelijk,0.00035365016
vakantie,0.9848023,speelgoed,0.0114329625,geboorte,0.0037440134,huwelijk,2.0427235e-05,sint,2.5406132e-07
geboorte,0.99981254,speelgoed,0.00018674236,sint,5.8582816e-07,huwelijk,9.253496e-08,vakantie,3.3058531e-09
vakantie,0.55605525,speelgoed,0.44046453,geboorte,0.0028336956,sint,0.000531091,huwelijk,0.00011541659
speelgoed,0.9966826,geboorte,0.0029274717,vakantie,0.00038399504,sint,5.9145345e-06,huwelijk,1.5972601e-08
geboorte,0.5701514,huwelijk,0.23771943,speelgoed,0.18790808,vakantie,0.0038746041,sint,0.0003465161
sint,0.99712676,speelgoed,0.0028602616,geboorte,9.757645e-06,vakantie,3.104019e-06,huwelijk,1.00836914e-07
huwelijk,0.9996222,geboorte,0.00033320958,vakantie,3.467878e-05,speelgoed,8.998847e-06,sint,8.847575e-07
sint,0.9999865,speelgoed,1.2508673e-05,geboorte,6.092407e-07,huwelijk,3.266443e-07,vakantie,1.9125885e-09
sint,0.9975949,huwelijk,0.0024037105,geboorte,1.3486274e-06,speelgoed,5.1964548e-08,vakantie,8.4969176e-10
speelgoed,0.99929345,geboorte,0.00065683015,vakantie,4.633215e-05,sint,3.2939638e-06,huwelijk,5.1120473e-08
sint,0.99900657,speelgoed,0.0009322493,huwelijk,4.183071e-05,vakantie,1.8875231e-05,geboorte,5.7581e-07
vakantie,0.98509234,speelgoed,0.013665373,huwelijk,0.00079104997,geboorte,0.00040403957,sint,4.7153226e-05
speelgoed,0.88412565,geboorte,0.09830291,vakantie,0.014790144,huwelijk,0.0027758789,sint,5.5000755e-06
sint,0.9980015,huwelijk,0.00198737,geboorte,9.082725e-06,speelgoed,1.9864083e-06,vakantie,1.7701993e-09
geboorte,0.9553826,huwelijk,0.04461596,speelgoed,1.0682269e-06,sint,4.4473413e-07,vakantie,3.5102872e-09
geboorte,0.9999999,speelgoed,9.013147e-08,huwelijk,5.5076064e-09,sint,2.6719374e-10,vakantie,1.3427218e-11
sint,0.9993229,speelgoed,0.0006017238,geboorte,6.223865e-05,huwelijk,1.3162918e-05,vakantie,2.1440504e-08
huwelijk,0.99321574,geboorte,0.0067817164,speelgoed,1.9311472e-06,vakantie,4.5023558e-07,sint,1.7738643e-07
sint,0.9989047,speelgoed,0.001065576,vakantie,2.9510982e-05,huwelijk,8.178851e-08,geboorte,5.9592644e-08
geboorte,0.9823037,huwelijk,0.009876311,speelgoed,0.0074641365,sint,0.00018405374,vakantie,0.0001718371
vakantie,0.9999057,speelgoed,8.518823e-05,geboorte,8.854724e-06,huwelijk,2.901417e-07,sint,5.38584e-09
huwelijk,0.9871838,geboorte,0.012798337,speelgoed,1.2062967e-05,sint,5.1020415e-06,vakantie,7.2670775e-07
vakantie,0.9354995,geboorte,0.04672083,huwelijk,0.013522407,speelgoed,0.004248229,sint,9.021555e-06
vakantie,0.99499667,speelgoed,0.0029976373,huwelijk,0.0010640431,geboorte,0.0009233575,sint,1.8230021e-05
sint,0.9943019,speelgoed,0.005681598,huwelijk,1.1441697e-05,vakantie,2.591441e-06,geboorte,2.4244987e-06
sint,0.9999839,huwelijk,1.0747794e-05,speelgoed,4.8587344e-06,geboorte,4.5546946e-07,vakantie,2.701809e-09
speelgoed,0.8139224,geboorte,0.1740023,sint,0.008759695,huwelijk,0.00283617,vakantie,0.00047945202
sint,0.9999193,huwelijk,4.0824252e-05,speelgoed,3.9122533e-05,vakantie,6.3433737e-07,geboorte,1.9059219e-07
sint,0.9137421,speelgoed,0.08612313,geboorte,0.00012525491,vakantie,9.023782e-06,huwelijk,4.5795255e-07
vakantie,0.9996418,speelgoed,0.00032004947,geboorte,3.551845e-05,huwelijk,2.668389e-06,sint,2.3744258e-08
sint,0.9984206,huwelijk,0.0009033079,speelgoed,0.00065825786,geboorte,1.7721695e-05,vakantie,1.6567327e-07
sint,0.9996032,speelgoed,0.0002458912,geboorte,0.00014976898,huwelijk,1.0998665e-06,vakantie,4.3206967e-08
sint,0.9995988,speelgoed,0.00038421908,geboorte,1.6947142e-05,huwelijk,5.4886453e-08,vakantie,1.813028e-08
sint,0.9999981,speelgoed,1.7368238e-06,geboorte,1.0403615e-07,huwelijk,2.218918e-08,vakantie,9.669737e-11
sint,0.999819,huwelijk,0.00017908173,geboorte,1.4040317e-06,speelgoed,6.2890524e-07,vakantie,2.739196e-10
speelgoed,0.6480697,vakantie,0.16308734,huwelijk,0.1588817,geboorte,0.0297362,sint,0.00022509178
geboorte,0.99993825,speelgoed,3.0007928e-05,huwelijk,2.7603897e-05,sint,3.9052134e-06,vakantie,7.5591984e-08
sint,0.9999819,huwelijk,1.7562457e-05,geboorte,3.285451e-07,speelgoed,1.8504241e-07,vakantie,6.1675715e-10
sint,0.9294795,speelgoed,0.06682539,geboorte,0.0031030092,huwelijk,0.00044099856,vakantie,0.00015114502
sint,0.99997175,huwelijk,1.7619803e-05,geboorte,6.63046e-06,speelgoed,4.029882e-06,vakantie,2.2924516e-09
sint,0.9999927,huwelijk,5.1583643e-06,speelgoed,1.3263715e-06,geboorte,7.4755116e-07,vakantie,3.458293e-10
sint,0.9936673,huwelijk,0.005762568,geboorte,0.00028765714,speelgoed,0.0002795425,vakantie,2.9416015e-06
huwelijk,0.98188144,geboorte,0.0150353545,sint,0.0029789996,speelgoed,0.00010152353,vakantie,2.6403134e-06
sint,0.99805766,geboorte,0.0011125449,speelgoed,0.00082347135,huwelijk,6.1007445e-06,vakantie,1.8771517e-07
sint,0.9686242,huwelijk,0.03124148,geboorte,0.00010442904,speelgoed,2.190547e-05,vakantie,7.955903e-06
vakantie,0.8767838,speelgoed,0.1137108,geboorte,0.006995088,huwelijk,0.0020093278,sint,0.00050098327
sint,0.9996457,speelgoed,0.00023910282,huwelijk,0.00011189426,geboorte,3.1005384e-06,vakantie,1.9781311e-07
sint,0.99991393,geboorte,5.410674e-05,speelgoed,2.847931e-05,huwelijk,3.4185946e-06,vakantie,4.0858072e-09
speelgoed,0.9552759,geboorte,0.03599826,sint,0.008371378,huwelijk,0.00031584632,vakantie,3.8615446e-05
speelgoed,0.99615484,geboorte,0.0038348897,sint,1.0169298e-05,vakantie,1.5623296e-07,huwelijk,1.1921767e-09
speelgoed,0.99993896,geboorte,3.4910863e-05,vakantie,1.51068425e-05,sint,1.0990608e-05,huwelijk,2.3079247e-09
sint,0.99990165,huwelijk,9.763886e-05,geboorte,5.6522674e-07,speelgoed,6.2625034e-08,vakantie,4.0108966e-10
speelgoed,0.9667212,vakantie,0.018758152,geboorte,0.0145076085,sint,1.2675628e-05,huwelijk,3.7011034e-07
sint,0.9999974,huwelijk,1.9603451e-06,speelgoed,4.922292e-07,geboorte,1.4081101e-07,vakantie,2.813597e-10
sint,0.99999964,speelgoed,2.2541987e-07,huwelijk,3.611805e-08,geboorte,3.274672e-08,vakantie,1.483428e-11
sint,0.9999988,huwelijk,1.1717287e-06,geboorte,2.668815e-08,speelgoed,1.7984412e-08,vakantie,2.3154813e-11
huwelijk,0.91978323,geboorte,0.04219611,speelgoed,0.02765869,sint,0.008935481,vakantie,0.0014265538
huwelijk,0.9999999,geboorte,7.273248e-08,sint,4.3228354e-10,speelgoed,7.447048e-12,vakantie,5.9615086e-12
huwelijk,0.49654016,speelgoed,0.32690877,vakantie,0.15157525,geboorte,0.024938317,sint,3.7530674e-05
sint,0.99984944,speelgoed,0.00014984986,geboorte,5.417708e-07,huwelijk,1.1951524e-07,vakantie,1.3299766e-09
sint,0.99968004,huwelijk,0.00031620896,speelgoed,2.1442668e-06,geboorte,1.5739371e-06,vakantie,1.5952777e-10
sint,0.9998902,speelgoed,5.9915616e-05,geboorte,4.2629315e-05,huwelijk,7.20302e-06,vakantie,1.1921091e-09
sint,0.999938,speelgoed,5.323266e-05,huwelijk,8.383004e-06,vakantie,3.8788275e-07,geboorte,1.6016246e-08
sint,0.8929238,geboorte,0.095178686,speelgoed,0.011436173,huwelijk,0.00046111844,vakantie,1.9532216e-07
sint,0.99982136,huwelijk,0.00017285481,geboorte,4.713316e-06,speelgoed,1.027352e-06,vakantie,1.2356125e-09
sint,0.99999857,speelgoed,1.2242682e-06,geboorte,1.7407669e-07,huwelijk,8.185028e-08,vakantie,9.672287e-11
vakantie,0.9999707,speelgoed,2.8322826e-05,huwelijk,5.990895e-07,geboorte,4.4156732e-07,sint,8.660495e-09
sint,0.99863595,huwelijk,0.0011721563,geboorte,0.00017402737,speelgoed,1.7852379e-05,vakantie,2.8586626e-09
huwelijk,0.99898213,geboorte,0.0010178641,sint,1.3308977e-09,speelgoed,1.1976098e-09,vakantie,2.2878055e-11
huwelijk,0.99966824,geboorte,0.00031227135,vakantie,1.3234341e-05,sint,3.4755217e-06,speelgoed,2.82214e-06
sint,0.99905795,speelgoed,0.0005935468,huwelijk,0.00019128923,geboorte,0.0001570835,vakantie,9.3543655e-08
vakantie,0.8950595,huwelijk,0.07074653,speelgoed,0.032742422,geboorte,0.0011383686,sint,0.00031313408
sint,0.63459057,geboorte,0.3043207,huwelijk,0.049744096,speelgoed,0.011301327,vakantie,4.3349086e-05
huwelijk,0.998543,vakantie,0.0014182957,geboorte,2.3575221e-05,speelgoed,1.45516e-05,sint,6.088865e-07
vakantie,0.99817,speelgoed,0.0017569507,geboorte,6.200314e-05,huwelijk,7.060162e-06,sint,3.9152264e-06
vakantie,0.998181,speelgoed,0.0017711793,geboorte,3.764493e-05,huwelijk,9.665731e-06,sint,5.6701055e-07
vakantie,0.9994667,speelgoed,0.0005061055,huwelijk,1.3914669e-05,geboorte,1.0663253e-05,sint,2.6188882e-06
vakantie,0.9936,speelgoed,0.0054987413,geboorte,0.00052324124,huwelijk,0.00037592882,sint,2.104715e-06
vakantie,0.9999963,speelgoed,2.6753373e-06,huwelijk,7.9647987e-07,geboorte,1.8500485e-07,sint,1.1157693e-09
vakantie,0.96678424,speelgoed,0.03245425,geboorte,0.00071335805,sint,3.133045e-05,huwelijk,1.6835762e-05
sint,0.99999905,huwelijk,7.915042e-07,speelgoed,1.7776256e-07,geboorte,6.3148974e-08,vakantie,2.9486688e-10
sint,0.99944335,speelgoed,0.0004526894,huwelijk,8.8207365e-05,geboorte,1.3422717e-05,vakantie,2.308406e-06
sint,0.9998486,huwelijk,0.00012063144,geboorte,1.7038412e-05,speelgoed,1.3697147e-05,vakantie,8.680853e-09
sint,0.94456893,huwelijk,0.030410841,geboorte,0.024508057,speelgoed,0.00051019195,vakantie,1.97664e-06
geboorte,0.999828,speelgoed,0.00016809693,sint,3.9290367e-06,vakantie,4.747411e-08,huwelijk,1.4533174e-09
huwelijk,0.999506,geboorte,0.00041266714,sint,8.1351136e-05,speelgoed,1.7035665e-08,vakantie,3.4022785e-11
huwelijk,0.99823207,geboorte,0.0017671285,speelgoed,4.262365e-07,vakantie,3.7373982e-07,sint,1.450052e-08
huwelijk,0.9999995,geboorte,5.2390396e-07,sint,1.3071189e-08,speelgoed,3.9916723e-11,vakantie,1.1301041e-12
huwelijk,0.8813028,geboorte,0.11869573,speelgoed,8.029274e-07,sint,5.9155616e-07,vakantie,4.510675e-08
huwelijk,0.989116,geboorte,0.010877781,sint,4.6537466e-06,speelgoed,1.0381921e-06,vakantie,4.3297234e-07
huwelijk,0.98795867,geboorte,0.012040099,speelgoed,6.162172e-07,sint,4.731113e-07,vakantie,6.6997224e-08
huwelijk,0.99999917,geboorte,8.111951e-07,vakantie,3.6191922e-10,sint,6.7627244e-11,speelgoed,1.1146844e-11
geboorte,0.605317,huwelijk,0.3946786,speelgoed,3.216818e-06,sint,1.0990107e-06,vakantie,4.2597666e-08
huwelijk,0.9957014,geboorte,0.0042986185,speelgoed,2.4796604e-08,sint,1.3479367e-08,vakantie,1.4294984e-11
huwelijk,0.99999976,geboorte,2.4346522e-07,sint,8.6559204e-10,speelgoed,9.385569e-12,vakantie,4.308278e-12
huwelijk,0.9705833,geboorte,0.029309103,speelgoed,8.908424e-05,vakantie,1.4897838e-05,sint,3.5963076e-06
huwelijk,0.99973506,geboorte,0.00026488557,speelgoed,9.0633625e-09,sint,3.265802e-09,vakantie,2.5944393e-09
huwelijk,0.9999951,geboorte,4.8846814e-06,sint,1.6070614e-09,speelgoed,1.3913257e-10,vakantie,5.5213716e-12
huwelijk,0.9999975,geboorte,2.5359539e-06,sint,8.608111e-09,speelgoed,2.6158655e-11,vakantie,3.6187874e-13
huwelijk,0.99997807,geboorte,2.1928821e-05,sint,2.5963386e-08,speelgoed,1.9098301e-10,vakantie,7.846315e-12
huwelijk,0.9999907,geboorte,7.4381446e-06,vakantie,7.0680323e-07,sint,6.389236e-07,speelgoed,5.8782484e-07
huwelijk,0.9999974,geboorte,2.2088877e-06,sint,3.4120902e-07,speelgoed,8.258915e-11,vakantie,9.488884e-12
sint,0.9989759,speelgoed,0.001013109,geboorte,6.865313e-06,huwelijk,4.21845e-06,vakantie,7.827706e-09
geboorte,0.4992406,huwelijk,0.45050442,speelgoed,0.04899409,sint,0.0012413228,vakantie,1.9515148e-05
huwelijk,0.99996257,geboorte,3.742428e-05,sint,1.5087817e-09,speelgoed,7.667978e-11,vakantie,2.520457e-13
huwelijk,0.9982338,geboorte,0.0017661687,sint,1.7825187e-09,speelgoed,5.977127e-10,vakantie,4.3190998e-12
sint,0.96113133,huwelijk,0.032920834,geboorte,0.0057232636,speelgoed,0.00022282107,vakantie,1.7759032e-06
sint,0.9998498,geboorte,8.8642446e-05,huwelijk,5.769092e-05,speelgoed,3.7974214e-06,vakantie,2.7981711e-10
huwelijk,0.9990909,geboorte,0.0008557171,sint,5.28855e-05,speelgoed,5.005967e-07,vakantie,2.2822437e-08
huwelijk,0.79709727,geboorte,0.20248675,speelgoed,0.0003575793,sint,5.5400655e-05,vakantie,2.9519736e-06
huwelijk,0.99993074,geboorte,6.899103e-05,sint,1.8683522e-07,speelgoed,9.509499e-09,vakantie,2.2032262e-10
huwelijk,0.9770657,geboorte,0.022934366,speelgoed,1.917308e-08,sint,9.985045e-10,vakantie,1.1310088e-10
huwelijk,0.55916804,geboorte,0.4408221,speelgoed,9.411856e-06,sint,4.069271e-07,vakantie,4.7507882e-08
huwelijk,0.99095774,geboorte,0.008889103,sint,0.00015250989,speelgoed,6.354957e-07,vakantie,3.9053694e-10
huwelijk,0.9999397,geboorte,6.028932e-05,sint,5.394896e-09,speelgoed,3.74694e-10,vakantie,2.6740732e-12
geboorte,0.99999845,speelgoed,1.6005305e-06,huwelijk,4.244684e-08,sint,1.802595e-09,vakantie,1.5875161e-10
sint,0.99992657,speelgoed,7.26693e-05,vakantie,4.987995e-07,huwelijk,1.4508653e-07,geboorte,7.192909e-08
vakantie,0.884778,speelgoed,0.112320825,geboorte,0.0028831447,sint,1.6018623e-05,huwelijk,1.9609615e-06
sint,0.99783117,geboorte,0.0011604272,speelgoed,0.00093156815,huwelijk,7.6103075e-05,vakantie,7.568039e-07
huwelijk,0.99925286,geboorte,0.00070469064,sint,4.2334188e-05,speelgoed,1.227432e-07,vakantie,1.01036346e-10
geboorte,0.7819297,huwelijk,0.2180031,speelgoed,4.3411088e-05,sint,2.3699546e-05,vakantie,1.0470525e-07
geboorte,0.69762427,huwelijk,0.3023336,sint,2.8550006e-05,speelgoed,1.3472814e-05,vakantie,1.4505893e-07
huwelijk,0.9999987,geboorte,1.3467684e-06,sint,1.8360985e-09,speelgoed,6.1563886e-11,vakantie,5.514613e-12
huwelijk,0.9844961,geboorte,0.015502616,sint,7.2360626e-07,speelgoed,5.903115e-07,vakantie,1.5256198e-08
huwelijk,0.77241206,geboorte,0.22756775,speelgoed,1.6491664e-05,sint,3.6408348e-06,vakantie,9.0731966e-08
geboorte,0.58064,huwelijk,0.4190959,speelgoed,0.0002485686,sint,1.4168841e-05,vakantie,1.3287926e-06
huwelijk,0.9999995,geboorte,3.9767323e-07,sint,7.6785625e-08,speelgoed,4.871263e-10,vakantie,1.9999974e-10
geboorte,0.99980694,huwelijk,0.00018008523,speelgoed,1.1311562e-05,sint,1.722152e-06,vakantie,4.9360436e-09
huwelijk,0.9618647,geboorte,0.038130127,sint,4.9923415e-06,speelgoed,8.6551545e-08,vakantie,3.2952452e-10
huwelijk,0.9999987,geboorte,1.363763e-06,sint,2.020534e-08,speelgoed,6.23288e-11,vakantie,1.5061742e-12
huwelijk,0.99995756,geboorte,4.23982e-05,sint,1.1991634e-09,speelgoed,7.3876477e-10,vakantie,5.053941e-11
huwelijk,0.99761236,geboorte,0.002387708,speelgoed,2.9984315e-10,sint,7.469639e-11,vakantie,9.485085e-12
huwelijk,0.99310535,geboorte,0.006890904,sint,3.4927111e-06,speelgoed,2.3562482e-07,vakantie,2.4793165e-08
huwelijk,0.96929675,geboorte,0.030703265,sint,4.6508355e-08,speelgoed,4.419351e-08,vakantie,1.3510097e-08
huwelijk,0.99956363,geboorte,0.00043623865,sint,1.1869492e-07,speelgoed,5.945512e-08,vakantie,9.034221e-11
huwelijk,0.9999999,geboorte,1.13404376e-07,sint,4.946315e-10,speelgoed,1.3640636e-12,vakantie,6.393002e-14
geboorte,0.99411714,huwelijk,0.005465444,speelgoed,0.00041491722,sint,1.5640476e-06,vakantie,9.107674e-07
huwelijk,0.9999933,geboorte,6.7217757e-06,sint,1.4001729e-09,speelgoed,9.473985e-11,vakantie,1.4979952e-12
huwelijk,0.9981493,geboorte,0.0018507766,sint,3.0149439e-09,speelgoed,1.880675e-09,vakantie,5.3265028e-11
huwelijk,0.9531389,geboorte,0.0468196,sint,3.1328505e-05,speelgoed,1.0092255e-05,vakantie,1.9098266e-08
huwelijk,0.9994242,geboorte,0.0005758292,sint,2.8980473e-08,speelgoed,1.0065961e-08,vakantie,1.4970821e-09
huwelijk,0.9999516,geboorte,4.8430644e-05,sint,1.3125159e-10,speelgoed,7.7338594e-11,vakantie,3.8750474e-12
huwelijk,0.99493283,geboorte,0.005032778,speelgoed,2.2328171e-05,sint,1.2040953e-05,vakantie,2.7052604e-08
huwelijk,0.9999274,geboorte,7.1947026e-05,speelgoed,3.1328858e-07,vakantie,2.3280987e-07,sint,3.161499e-08
huwelijk,0.96702474,geboorte,0.03275225,sint,0.00022217346,speelgoed,7.864051e-07,vakantie,4.3831958e-10
huwelijk,0.9999839,geboorte,1.6107444e-05,sint,9.090413e-09,speelgoed,4.4670156e-11,vakantie,3.261258e-11
huwelijk,0.9997904,geboorte,0.00020964428,sint,1.2176215e-08,speelgoed,4.172287e-09,vakantie,1.1614264e-11
geboorte,0.6925233,huwelijk,0.30531254,speelgoed,0.0019898596,sint,0.00017381695,vakantie,5.714028e-07
huwelijk,0.9982584,geboorte,0.0017413886,sint,1.9812686e-07,speelgoed,4.0483435e-08,vakantie,9.276331e-09
huwelijk,0.62283343,geboorte,0.3771619,sint,3.2115904e-06,speelgoed,1.4293977e-06,vakantie,6.717298e-08
huwelijk,0.9990915,geboorte,0.0009030352,sint,5.447578e-06,speelgoed,9.914751e-09,vakantie,2.8829225e-11
huwelijk,0.9999927,geboorte,7.303341e-06,sint,1.968933e-09,speelgoed,2.118129e-10,vakantie,1.1221118e-10
huwelijk,0.9968369,geboorte,0.0031574597,sint,5.3741805e-06,speelgoed,2.63471e-07,vakantie,6.191335e-11
huwelijk,0.68064356,geboorte,0.31896558,sint,0.0003845625,speelgoed,6.2332338e-06,vakantie,1.03344435e-08
geboorte,0.67765945,huwelijk,0.32226124,speelgoed,5.114256e-05,sint,2.481593e-05,vakantie,3.4324798e-06
huwelijk,0.9399795,geboorte,0.054522023,speelgoed,0.0039087282,sint,0.0015489078,vakantie,4.0885294e-05
huwelijk,0.53223807,geboorte,0.4667077,sint,0.0010338096,speelgoed,2.0287196e-05,vakantie,1.4107302e-07
huwelijk,0.9999771,geboorte,2.291918e-05,sint,7.669033e-09,speelgoed,3.1964195e-11,vakantie,3.505204e-13
huwelijk,0.93803227,sint,0.05164787,geboorte,0.009785651,speelgoed,0.00053414976,vakantie,5.3851984e-08
huwelijk,0.98307437,geboorte,0.015680458,sint,0.0012102294,speelgoed,3.488671e-05,vakantie,2.5061946e-09
geboorte,0.7258175,huwelijk,0.27296478,speelgoed,0.0011221137,sint,9.424988e-05,vakantie,1.4078416e-06
huwelijk,0.80664533,geboorte,0.19335362,sint,9.52234e-07,speelgoed,6.1003185e-08,vakantie,1.6383895e-09
huwelijk,0.99976844,geboorte,0.0002316248,sint,1.7544662e-09,speelgoed,9.2147324e-11,vakantie,1.4283732e-11
geboorte,0.9815231,huwelijk,0.018437656,speelgoed,3.6688692e-05,sint,2.3988641e-06,vakantie,2.4776927e-08
geboorte,0.9922138,huwelijk,0.006369707,sint,0.00079776545,speelgoed,0.0006184085,vakantie,3.0920242e-07
geboorte,0.94142985,huwelijk,0.055757742,speelgoed,0.0027190705,sint,7.4401236e-05,vakantie,1.8998378e-05
sint,0.9999733,speelgoed,2.6056916e-05,huwelijk,3.3496565e-07,geboorte,2.6596726e-07,vakantie,6.166533e-09
sint,0.9999943,speelgoed,3.4373634e-06,geboorte,2.0493983e-06,huwelijk,1.9869029e-07,vakantie,3.1522598e-10
sint,0.9999969,huwelijk,3.0316228e-06,geboorte,3.7413017e-08,speelgoed,2.8188252e-08,vakantie,6.498488e-11
sint,0.9999467,speelgoed,4.6209265e-05,geboorte,6.8974073e-06,huwelijk,1.2988444e-07,vakantie,6.623882e-09
sint,0.9900377,speelgoed,0.009960328,geboorte,1.4305692e-06,vakantie,4.5571028e-07,huwelijk,1.6001086e-07
sint,0.9993629,speelgoed,0.0006175805,geboorte,1.9456333e-05,huwelijk,7.682226e-08,vakantie,1.1474086e-08
sint,0.996621,huwelijk,0.0030724255,speelgoed,0.00018364872,geboorte,0.00012097563,vakantie,1.8592393e-06
sint,0.9954472,speelgoed,0.0044120788,geboorte,8.829751e-05,huwelijk,4.2336043e-05,vakantie,1.0044583e-05
sint,0.99977154,speelgoed,0.00015853258,geboorte,6.8432215e-05,huwelijk,1.5779949e-06,vakantie,4.2745828e-08
sint,0.9964233,speelgoed,0.0034869234,geboorte,7.295732e-05,huwelijk,1.6747108e-05,vakantie,7.5833114e-08
sint,0.99542964,huwelijk,0.0028311901,geboorte,0.0014650864,speelgoed,0.00027411393,vakantie,1.807075e-08
sint,0.98625827,huwelijk,0.00926933,speelgoed,0.0043291836,geboorte,9.811098e-05,vakantie,4.4998742e-05
sint,0.9999845,speelgoed,1.48504905e-05,geboorte,6.337239e-07,huwelijk,1.0566493e-08,vakantie,2.549449e-10
sint,0.99999917,speelgoed,8.1776324e-07,huwelijk,3.911976e-09,geboorte,1.3991371e-09,vakantie,1.3634717e-09
sint,0.9917101,geboorte,0.007023524,speelgoed,0.0012656644,huwelijk,5.335989e-07,vakantie,8.8604004e-08
sint,0.9999366,huwelijk,6.0829883e-05,speelgoed,1.2875046e-06,geboorte,1.2822588e-06,vakantie,4.126768e-09
sint,0.9999677,speelgoed,2.8355604e-05,geboorte,3.2237906e-06,huwelijk,6.745714e-07,vakantie,5.6766423e-09
speelgoed,0.9584758,geboorte,0.03212291,sint,0.009355917,vakantie,2.644969e-05,huwelijk,1.8948242e-05
speelgoed,0.97574687,geboorte,0.023545928,vakantie,0.00059020414,sint,0.00011640177,huwelijk,6.1131925e-07
sint,0.9999629,huwelijk,3.6966812e-05,geboorte,1.5076216e-07,speelgoed,4.9313197e-08,vakantie,1.1947909e-09
sint,0.99999857,speelgoed,1.2710505e-06,geboorte,1.1047759e-07,huwelijk,2.9490641e-08,vakantie,4.0450832e-10
sint,0.99995863,huwelijk,3.8752285e-05,speelgoed,2.3828038e-06,geboorte,2.7976583e-07,vakantie,9.142556e-09
sint,0.9998313,geboorte,0.00010415614,huwelijk,5.451287e-05,speelgoed,9.868675e-06,vakantie,7.765309e-08
sint,0.99996233,huwelijk,3.7585192e-05,geboorte,3.0955484e-08,speelgoed,2.9752737e-08,vakantie,9.741276e-10
sint,0.9999486,huwelijk,5.0882136e-05,speelgoed,3.8341173e-07,geboorte,1.2849544e-07,vakantie,5.415388e-09
sint,0.46195018,speelgoed,0.3477704,geboorte,0.17375307,huwelijk,0.015773658,vakantie,0.0007526458
speelgoed,0.70404506,sint,0.2882992,geboorte,0.006982604,huwelijk,0.00045095224,vakantie,0.00022217263
sint,0.99992704,speelgoed,7.2635245e-05,geboorte,2.0044496e-07,huwelijk,1.3539083e-07,vakantie,1.334441e-08
sint,0.98507106,speelgoed,0.011296448,huwelijk,0.0034302622,geboorte,0.00020092764,vakantie,1.3435757e-06
sint,0.9999901,speelgoed,9.11373e-06,huwelijk,4.821255e-07,geboorte,3.9182171e-07,vakantie,1.12172584e-10
sint,0.96107394,speelgoed,0.028995194,geboorte,0.009091987,huwelijk,0.00083760667,vakantie,1.2592384e-06
sint,0.99924695,speelgoed,0.00074016163,geboorte,9.9003955e-06,huwelijk,2.8677691e-06,vakantie,6.4019794e-08
sint,0.99975663,speelgoed,0.00024218753,geboorte,1.0350652e-06,vakantie,1.1076521e-07,huwelijk,8.532698e-09
sint,0.9998659,speelgoed,8.082339e-05,huwelijk,4.929189e-05,geboorte,3.164113e-06,vakantie,8.453062e-07
sint,0.9999697,huwelijk,3.0226272e-05,geboorte,6.947786e-08,speelgoed,3.8889272e-08,vakantie,1.3556256e-10
sint,0.99993837,speelgoed,5.6994108e-05,geboorte,3.0006715e-06,huwelijk,1.647351e-06,vakantie,3.385842e-10
geboorte,0.8315328,speelgoed,0.16834316,sint,0.00012394504,vakantie,1.9940325e-07,huwelijk,1.0648332e-08
speelgoed,0.99909604,geboorte,0.0008574713,sint,4.3726846e-05,vakantie,2.7962435e-06,huwelijk,4.325905e-09
geboorte,0.9999337,speelgoed,6.632071e-05,vakantie,1.934715e-08,sint,7.1677566e-09,huwelijk,3.5909793e-09
geboorte,0.7659253,huwelijk,0.23327222,sint,0.00072400563,speelgoed,7.799822e-05,vakantie,6.3464796e-07
huwelijk,0.8677835,geboorte,0.13218445,speelgoed,1.6327262e-05,sint,1.4416099e-05,vakantie,1.3086678e-06
geboorte,0.99999714,speelgoed,2.2279703e-06,sint,3.487499e-07,huwelijk,2.8195882e-07,vakantie,9.003526e-10
geboorte,0.9985703,huwelijk,0.0013939409,speelgoed,3.338758e-05,sint,2.313534e-06,vakantie,8.3344624e-08
huwelijk,0.6249928,geboorte,0.32677293,speelgoed,0.032480836,sint,0.0149401715,vakantie,0.00081339583
speelgoed,0.75360876,geboorte,0.24241892,vakantie,0.003654864,sint,0.00031118942,huwelijk,6.3536663e-06
speelgoed,0.8883099,vakantie,0.08131143,sint,0.026462596,geboorte,0.003796447,huwelijk,0.00011966106
speelgoed,0.961811,vakantie,0.03277533,geboorte,0.005272828,huwelijk,0.000118397315,sint,2.2367305e-05
vakantie,0.7636012,speelgoed,0.19040763,geboorte,0.025650915,huwelijk,0.019272588,sint,0.0010677193
vakantie,0.9979808,speelgoed,0.0010557049,huwelijk,0.0009394045,geboorte,1.2521678e-05,sint,1.1575657e-05
huwelijk,0.9999999,geboorte,1.2842325e-07,vakantie,4.2723082e-11,speelgoed,1.0199839e-11,sint,8.5347614e-12
huwelijk,0.99981576,geboorte,0.00018427521,speelgoed,7.215215e-10,vakantie,1.8629111e-10,sint,8.430659e-11
huwelijk,0.9819043,geboorte,0.017369326,sint,0.0005013271,speelgoed,0.00022328383,vakantie,1.6282445e-06
geboorte,0.9980313,speelgoed,0.0017587022,sint,0.00012897611,huwelijk,8.087253e-05,vakantie,5.96994e-08
geboorte,0.999995,speelgoed,5.062305e-06,huwelijk,3.750467e-09,sint,3.3304812e-10,vakantie,3.1743475e-12
huwelijk,0.9173545,geboorte,0.041846484,vakantie,0.0388587,speelgoed,0.0018873896,sint,5.2940617e-05
geboorte,0.9940592,speelgoed,0.0059263157,huwelijk,9.398426e-06,sint,4.4089043e-06,vakantie,6.7371235e-07
huwelijk,0.9949587,geboorte,0.0050413036,speelgoed,5.74996e-09,vakantie,8.016761e-10,sint,6.682645e-11
geboorte,0.99985635,speelgoed,0.00010220581,huwelijk,4.0844505e-05,vakantie,6.412549e-07,sint,5.2411103e-08
geboorte,0.9821031,speelgoed,0.010779495,sint,0.0063498085,huwelijk,0.00076747587,vakantie,1.4822164e-07
geboorte,0.9999163,speelgoed,7.877708e-05,sint,4.7794674e-06,huwelijk,1.2770857e-07,vakantie,3.6120998e-10
speelgoed,0.973532,geboorte,0.02552548,sint,0.0009242217,vakantie,1.8181943e-05,huwelijk,3.3812345e-08
speelgoed,0.98914343,geboorte,0.010628854,sint,0.00022556692,vakantie,2.028936e-06,huwelijk,1.2271154e-07
speelgoed,0.9999155,vakantie,4.8405203e-05,geboorte,2.6543728e-05,sint,9.590343e-06,huwelijk,2.278965e-09
vakantie,0.99822205,speelgoed,0.0017739983,huwelijk,1.5066003e-06,sint,1.379155e-06,geboorte,1.1025173e-06
speelgoed,0.9997718,geboorte,0.00017125989,vakantie,4.703314e-05,sint,9.843067e-06,huwelijk,8.477639e-09
huwelijk,0.999995,geboorte,5.032269e-06,speelgoed,2.8936992e-10,vakantie,2.546011e-10,sint,4.5009503e-11
huwelijk,0.9999852,geboorte,1.4751932e-05,vakantie,1.7398084e-10,sint,1.4607461e-10,speelgoed,4.6091717e-11
huwelijk,0.90512156,geboorte,0.093924165,sint,0.000802527,speelgoed,0.00015155012,vakantie,1.6086435e-07
vakantie,0.9856391,speelgoed,0.01350612,geboorte,0.0007909337,huwelijk,6.226315e-05,sint,1.5622306e-06
vakantie,0.99794835,speelgoed,0.0020146857,sint,1.9821102e-05,geboorte,1.003215e-05,huwelijk,7.101577e-06
vakantie,0.99139106,speelgoed,0.0074604168,huwelijk,0.0008555486,geboorte,0.00029253564,sint,4.503261e-07
vakantie,0.98901737,geboorte,0.0072768694,speelgoed,0.0035779257,huwelijk,0.00012709251,sint,7.900021e-07
vakantie,0.9999703,speelgoed,2.273763e-05,huwelijk,5.9585996e-06,geboorte,8.430918e-07,sint,1.1337009e-07
vakantie,0.9999039,speelgoed,8.356357e-05,huwelijk,9.428979e-06,geboorte,2.7408457e-06,sint,3.4573978e-07
vakantie,0.99507046,speelgoed,0.0034418192,geboorte,0.0014794598,huwelijk,8.266059e-06,sint,9.425305e-09
vakantie,0.999949,speelgoed,5.0793726e-05,geboorte,2.394443e-07,huwelijk,2.1734131e-08,sint,1.0252739e-08
vakantie,0.97330034,speelgoed,0.02638254,geboorte,0.0003166847,sint,3.1171174e-07,huwelijk,1.5617867e-07
geboorte,0.99999917,speelgoed,8.4628124e-07,huwelijk,4.2377035e-09,sint,8.438613e-10,vakantie,1.5734298e-11
geboorte,0.99843484,speelgoed,0.0015581386,huwelijk,5.2639634e-06,sint,1.7710923e-06,vakantie,9.622018e-09
speelgoed,0.92759836,geboorte,0.072395645,sint,5.663617e-06,vakantie,2.9279923e-07,huwelijk,1.8245017e-09
geboorte,0.6291646,speelgoed,0.37082675,sint,8.648459e-06,vakantie,8.2335106e-08,huwelijk,1.39724206e-08
geboorte,0.97769666,speelgoed,0.022266882,huwelijk,1.7013053e-05,sint,1.7006223e-05,vakantie,2.467784e-06
vakantie,0.99975055,speelgoed,0.00023268448,huwelijk,8.5438305e-06,geboorte,8.212402e-06,sint,1.4796898e-08
vakantie,0.9442865,speelgoed,0.03857973,huwelijk,0.013365162,sint,0.003407289,geboorte,0.0003612946
speelgoed,0.9361049,vakantie,0.036790464,geboorte,0.025703063,huwelijk,0.0007930497,sint,0.0006085872
geboorte,0.9806533,speelgoed,0.019343799,vakantie,1.5493879e-06,sint,1.4519038e-06,huwelijk,5.0812503e-08
geboorte,0.99924195,speelgoed,0.00075429067,huwelijk,3.0564318e-06,sint,6.8221044e-07,vakantie,2.0351198e-08
geboorte,0.9996376,huwelijk,0.00034529666,speelgoed,1.2256688e-05,sint,4.7822705e-06,vakantie,8.178496e-09
huwelijk,0.9999695,vakantie,2.128739e-05,geboorte,8.918777e-06,speelgoed,2.8279902e-07,sint,1.3689823e-08
huwelijk,0.9925977,geboorte,0.0073987986,speelgoed,2.7933556e-06,sint,4.307432e-07,vakantie,2.9073698e-07
huwelijk,0.9999939,geboorte,5.8029423e-06,sint,1.9451245e-07,speelgoed,4.924712e-09,vakantie,4.6034482e-11
huwelijk,0.98632777,geboorte,0.013632224,speelgoed,2.3411298e-05,vakantie,1.4921344e-05,sint,1.6284248e-06
huwelijk,0.9972907,geboorte,0.0027085522,speelgoed,3.396545e-07,vakantie,2.4350734e-07,sint,7.140434e-08
huwelijk,0.91534305,geboorte,0.065359026,vakantie,0.009855831,speelgoed,0.009252283,sint,0.0001899098
geboorte,0.7728429,huwelijk,0.18217197,speelgoed,0.04113016,vakantie,0.0038102362,sint,4.4791755e-05
huwelijk,0.9978174,geboorte,0.002180422,sint,1.8309627e-06,speelgoed,4.0914654e-07,vakantie,3.634899e-08
huwelijk,0.99914014,geboorte,0.0008177515,sint,4.0116185e-05,speelgoed,1.6262882e-06,vakantie,1.8610231e-07
geboorte,0.90790814,huwelijk,0.09209158,speelgoed,3.5257625e-07,vakantie,1.830177e-08,sint,1.6786409e-09
huwelijk,0.9405274,geboorte,0.059472587,speelgoed,2.9290739e-09,sint,2.0627239e-10,vakantie,8.7167815e-11
huwelijk,0.9999995,geboorte,4.908797e-07,sint,4.1222557e-11,speelgoed,7.2552153e-13,vakantie,6.8579555e-14
geboorte,0.9983638,speelgoed,0.001636176,sint,2.68171e-08,vakantie,7.415954e-09,huwelijk,1.9269615e-10
geboorte,0.9992472,speelgoed,0.0007527802,sint,6.9263355e-09,vakantie,4.551603e-09,huwelijk,1.2139871e-09
speelgoed,0.99223584,vakantie,0.0066811075,geboorte,0.0010824689,sint,4.766527e-07,huwelijk,6.9103365e-08
geboorte,0.8971059,speelgoed,0.10286586,vakantie,2.2051927e-05,huwelijk,5.5047913e-06,sint,8.6826253e-07
huwelijk,0.8948273,geboorte,0.10517155,speelgoed,9.4566406e-07,vakantie,2.4873987e-07,sint,2.965956e-08
geboorte,0.98604995,huwelijk,0.013938539,speelgoed,1.1307732e-05,sint,2.5202377e-07,vakantie,3.5800467e-09
huwelijk,0.7924233,geboorte,0.20732613,speelgoed,0.00023639796,vakantie,1.3760352e-05,sint,3.8245366e-07
huwelijk,0.9980623,geboorte,0.0019374825,sint,2.3072408e-07,speelgoed,1.2635977e-08,vakantie,1.7113293e-10
huwelijk,0.9592832,geboorte,0.039158273,speelgoed,0.0015000746,sint,5.5623925e-05,vakantie,2.808307e-06
huwelijk,0.9036903,geboorte,0.09628062,speelgoed,2.5130206e-05,sint,3.7011175e-06,vakantie,3.668669e-07
huwelijk,0.8439917,geboorte,0.15598889,speelgoed,1.7105081e-05,vakantie,1.9585905e-06,sint,3.9962197e-07
huwelijk,0.96396506,geboorte,0.03603433,sint,5.059196e-07,speelgoed,6.028579e-08,vakantie,3.7725414e-10
huwelijk,0.99996865,geboorte,3.0997853e-05,sint,3.74545e-07,speelgoed,3.1275607e-09,vakantie,7.667542e-11
geboorte,0.9758173,speelgoed,0.012112735,huwelijk,0.011495316,vakantie,0.0005743368,sint,3.6053282e-07
huwelijk,0.9653679,geboorte,0.03463139,sint,7.4513866e-07,speelgoed,2.4546148e-08,vakantie,9.2469414e-11
huwelijk,0.99153674,geboorte,0.008463307,sint,5.332174e-08,speelgoed,8.211429e-09,vakantie,5.79241e-10
huwelijk,0.94501406,speelgoed,0.035903726,geboorte,0.018570358,sint,0.00050014793,vakantie,1.1638605e-05
geboorte,0.9887645,huwelijk,0.00726454,speelgoed,0.0023904631,vakantie,0.0015755638,sint,4.7897333e-06
geboorte,0.6990844,speelgoed,0.14283668,huwelijk,0.14002582,vakantie,0.017242866,sint,0.00081025506
huwelijk,0.96593904,geboorte,0.034053914,speelgoed,4.0903137e-06,sint,2.8681163e-06,vakantie,2.7966896e-08
geboorte,0.9290845,huwelijk,0.070303,sint,0.0005074772,speelgoed,0.00010482661,vakantie,1.9896834e-07
vakantie,0.9426504,geboorte,0.043458812,speelgoed,0.013855388,huwelijk,3.4812565e-05,sint,5.546604e-07
huwelijk,0.9286744,geboorte,0.071072556,sint,0.00024283618,speelgoed,1.0107517e-05,vakantie,5.9770656e-08
geboorte,0.90449864,huwelijk,0.09549715,speelgoed,3.1111492e-06,sint,1.0708078e-06,vakantie,2.552519e-10
geboorte,0.97480994,huwelijk,0.025190033,speelgoed,3.0676688e-08,sint,1.3787137e-09,vakantie,9.843111e-11
geboorte,0.9371728,huwelijk,0.062827215,speelgoed,5.3294723e-08,sint,1.9483144e-10,vakantie,3.3823708e-11
geboorte,0.99994373,huwelijk,3.645229e-05,speelgoed,1.9689625e-05,sint,7.098987e-08,vakantie,5.8634182e-08
huwelijk,0.7158629,geboorte,0.27708423,speelgoed,0.005292212,sint,0.0016460135,vakantie,0.00011472099
huwelijk,0.98629785,geboorte,0.01370218,sint,5.423437e-08,speelgoed,4.0224922e-08,vakantie,1.6294603e-09
huwelijk,0.9954157,geboorte,0.0043994645,speelgoed,8.9673005e-05,sint,7.6581375e-05,vakantie,1.865138e-05
huwelijk,0.9837795,geboorte,0.016217005,sint,3.4990746e-06,speelgoed,4.9216272e-08,vakantie,3.1506975e-10
huwelijk,0.9971758,geboorte,0.002473117,sint,0.00034987257,speelgoed,1.1421417e-06,vakantie,1.0610581e-09
geboorte,0.9993191,speelgoed,0.00068097474,sint,3.6988254e-08,vakantie,4.5164814e-09,huwelijk,1.5410758e-09
speelgoed,0.68645257,geboorte,0.29171687,sint,0.021808416,vakantie,1.9866959e-05,huwelijk,2.2959916e-06
geboorte,0.93369704,speelgoed,0.066213086,sint,8.800161e-05,vakantie,1.2469354e-06,huwelijk,5.8988644e-07
huwelijk,0.9660722,geboorte,0.033332065,speelgoed,0.0002525126,vakantie,0.00023164722,sint,0.00011162931
huwelijk,0.9991242,geboorte,0.00079008547,sint,3.2541164e-05,speelgoed,3.094856e-05,vakantie,2.2118085e-05
huwelijk,0.99957937,geboorte,0.00039569868,sint,1.4427742e-05,speelgoed,9.705135e-06,vakantie,7.8106615e-07
huwelijk,0.9999876,geboorte,1.1886367e-05,sint,4.3031116e-07,speelgoed,1.7531523e-08,vakantie,1.9936551e-10
huwelijk,0.9994854,geboorte,0.00042064252,sint,9.3920804e-05,speelgoed,1.09093875e-07,vakantie,3.2552472e-10
geboorte,0.56192654,huwelijk,0.4377628,sint,0.00018914643,speelgoed,0.00012133052,vakantie,2.200204e-07
huwelijk,0.88484186,geboorte,0.11515744,sint,5.4033865e-07,speelgoed,2.570421e-07,vakantie,1.7829814e-09
geboorte,0.50262994,huwelijk,0.49736357,sint,5.2763367e-06,speelgoed,1.1781882e-06,vakantie,5.2391463e-10
huwelijk,0.99960834,geboorte,0.0003872261,sint,4.383854e-06,speelgoed,3.2229224e-09,vakantie,2.872281e-11
geboorte,0.8504521,huwelijk,0.12976731,vakantie,0.017994475,speelgoed,0.0017857795,sint,4.5539562e-07
huwelijk,0.93028545,geboorte,0.06970337,speelgoed,8.165665e-06,sint,1.9797296e-06,vakantie,9.85976e-07
geboorte,0.99967396,speelgoed,0.00024492887,huwelijk,7.847465e-05,vakantie,2.4435096e-06,sint,6.9996204e-08
huwelijk,0.9364971,geboorte,0.063475244,sint,1.3831205e-05,speelgoed,1.3796861e-05,vakantie,1.8470578e-08
huwelijk,0.7510924,geboorte,0.2486234,speelgoed,0.00020341844,sint,8.0715574e-05,vakantie,1.9997299e-07
huwelijk,0.9612995,geboorte,0.03869246,sint,5.343886e-06,speelgoed,2.6877565e-06,vakantie,1.0671853e-08
geboorte,0.9807098,huwelijk,0.019247867,speelgoed,4.0139344e-05,vakantie,1.5281864e-06,sint,6.872034e-07
huwelijk,0.5481922,geboorte,0.42572275,sint,0.019402374,speelgoed,0.0066784243,vakantie,4.274268e-06
speelgoed,0.43073532,huwelijk,0.39324808,geboorte,0.14450853,vakantie,0.027627388,sint,0.00388072
huwelijk,0.9661161,geboorte,0.033860005,sint,2.3125942e-05,speelgoed,7.8383255e-07,vakantie,7.82484e-10
huwelijk,0.99973255,geboorte,0.00026627566,sint,1.1498698e-06,speelgoed,5.4604122e-08,vakantie,1.2231833e-09
huwelijk,0.9448651,geboorte,0.055134784,speelgoed,8.330618e-08,sint,2.7115753e-08,vakantie,6.7644623e-10
huwelijk,0.99827373,geboorte,0.0017179697,sint,8.36613e-06,speelgoed,1.5342321e-08,vakantie,5.790664e-11
huwelijk,0.56911355,geboorte,0.43082395,sint,5.9331127e-05,speelgoed,3.1036777e-06,vakantie,5.7684644e-09
huwelijk,0.99999976,geboorte,2.5298084e-07,sint,1.5180165e-10,speelgoed,4.9412672e-11,vakantie,3.018025e-11
huwelijk,0.9999993,geboorte,7.0742567e-07,sint,7.178961e-11,speelgoed,2.5212527e-12,vakantie,2.09276e-13
geboorte,0.9993563,speelgoed,0.0006423549,huwelijk,1.1956952e-06,sint,1.4267978e-07,vakantie,6.9447266e-09
geboorte,0.65995336,huwelijk,0.34001097,speelgoed,3.4920035e-05,sint,7.0943565e-07,vakantie,4.285697e-10
huwelijk,0.99897313,geboorte,0.0010262325,sint,5.8477946e-07,speelgoed,2.9222498e-08,vakantie,1.3553625e-10
huwelijk,0.9999993,geboorte,7.3181735e-07,sint,4.4350443e-11,speelgoed,1.3452229e-11,vakantie,1.05401425e-11
huwelijk,0.99294865,geboorte,0.006923646,speelgoed,6.860658e-05,vakantie,4.910794e-05,sint,9.922115e-06
huwelijk,0.99953353,geboorte,0.00046604665,sint,4.278579e-07,speelgoed,4.596211e-09,vakantie,1.889567e-11
huwelijk,0.9743994,geboorte,0.025600612,speelgoed,5.2427716e-09,sint,6.251084e-10,vakantie,2.741742e-10
huwelijk,0.9995147,geboorte,0.00048527282,sint,3.6651976e-08,speelgoed,3.000842e-08,vakantie,5.688179e-09
huwelijk,0.99877626,geboorte,0.0012236923,speelgoed,3.1468804e-08,vakantie,1.0200887e-08,sint,5.381889e-10
huwelijk,0.9999994,geboorte,5.809145e-07,vakantie,2.1803924e-10,speelgoed,1.0828491e-10,sint,4.315985e-11
geboorte,0.91333455,huwelijk,0.086598665,speelgoed,3.6996767e-05,sint,2.9777817e-05,vakantie,6.109609e-09
geboorte,0.80105203,huwelijk,0.19264056,speelgoed,0.005301077,sint,0.001006234,vakantie,1.05208e-07
huwelijk,0.9979736,geboorte,0.0018186524,speelgoed,0.00016318705,sint,4.439733e-05,vakantie,1.2738171e-07
huwelijk,0.9998572,geboorte,0.00014266155,sint,6.901086e-08,speelgoed,3.405583e-08,vakantie,7.9186675e-09
huwelijk,0.99887437,geboorte,0.00093078817,sint,0.00019466816,speelgoed,1.5089707e-07,vakantie,1.13665815e-08
huwelijk,0.9999993,geboorte,7.4598506e-07,vakantie,2.8034863e-08,speelgoed,3.1558627e-09,sint,1.0107716e-09
huwelijk,0.98703104,geboorte,0.012626143,sint,0.0002585014,speelgoed,7.244049e-05,vakantie,1.187506e-05
huwelijk,0.99847025,geboorte,0.0015147853,sint,8.529391e-06,speelgoed,5.680461e-06,vakantie,7.7229475e-07
huwelijk,0.9999995,geboorte,4.1728774e-07,sint,6.6220713e-09,speelgoed,1.1777601e-10,vakantie,1.08645516e-10
huwelijk,0.99772304,geboorte,0.0022769754,speelgoed,1.5115232e-08,sint,5.0828906e-09,vakantie,3.938278e-09
huwelijk,0.9842892,geboorte,0.007409952,speelgoed,0.007176423,sint,0.0010805277,vakantie,4.3889053e-05
huwelijk,0.91155714,geboorte,0.08843418,sint,7.3434053e-06,speelgoed,1.2786555e-06,vakantie,1.5439577e-09
huwelijk,0.99520326,geboorte,0.0047967327,sint,2.492034e-08,speelgoed,1.0613459e-08,vakantie,5.0118672e-12
huwelijk,0.70491827,geboorte,0.2840055,vakantie,0.0071983505,speelgoed,0.003855225,sint,2.2566406e-05
huwelijk,0.9669183,geboorte,0.031236831,vakantie,0.0012543767,speelgoed,0.00050467247,sint,8.589809e-05
huwelijk,0.8338715,geboorte,0.16606961,speelgoed,5.8188623e-05,sint,3.8365562e-07,vakantie,2.8185636e-07
huwelijk,0.9966293,geboorte,0.003365472,sint,3.7490522e-06,speelgoed,1.4426093e-06,vakantie,6.5983565e-09
huwelijk,0.99998546,vakantie,1.15182975e-05,geboorte,1.7780127e-06,speelgoed,1.0128839e-06,sint,2.4076695e-07
huwelijk,0.99573404,geboorte,0.0042633824,speelgoed,2.4192307e-06,vakantie,2.4388478e-07,sint,4.015548e-08
huwelijk,0.99648774,geboorte,0.003511025,speelgoed,1.1320332e-06,vakantie,8.2056154e-08,sint,2.2383496e-08
huwelijk,0.9999027,geboorte,9.725739e-05,sint,2.3609574e-09,speelgoed,5.083966e-10,vakantie,2.7417152e-10
geboorte,0.9914602,huwelijk,0.0085349465,speelgoed,4.62032e-06,sint,2.2115101e-07,vakantie,9.935196e-09
huwelijk,0.998585,geboorte,0.0014150505,speelgoed,6.381912e-10,vakantie,2.4250466e-10,sint,1.045553e-10
huwelijk,0.5449713,geboorte,0.45501825,sint,6.3383386e-06,speelgoed,4.089916e-06,vakantie,3.173046e-09
geboorte,0.78713864,huwelijk,0.21254729,sint,0.00030107447,speelgoed,1.2915682e-05,vakantie,1.6802801e-09
huwelijk,0.996888,sint,0.0017307106,geboorte,0.0013717782,speelgoed,9.48121e-06,vakantie,5.784841e-08
huwelijk,0.99963117,geboorte,0.00036883305,sint,5.3227513e-08,speelgoed,7.556931e-09,vakantie,1.1264213e-09
geboorte,0.690885,huwelijk,0.30489004,speelgoed,0.0040615303,sint,0.00016085047,vakantie,2.6006944e-06
huwelijk,0.90754694,geboorte,0.09233525,sint,0.000110646695,speelgoed,7.003264e-06,vakantie,6.122807e-08
huwelijk,0.9988141,geboorte,0.0011848372,sint,1.0722915e-06,speelgoed,9.914531e-09,vakantie,6.6910706e-11
huwelijk,0.99999857,geboorte,1.4328155e-06,sint,2.3138464e-08,speelgoed,3.8976197e-10,vakantie,1.201976e-10
huwelijk,0.89500326,geboorte,0.10499028,speelgoed,4.6503255e-06,sint,1.7179905e-06,vakantie,5.848073e-09
huwelijk,0.9985764,geboorte,0.0014236479,sint,3.1291407e-08,speelgoed,6.871529e-09,vakantie,4.0515005e-09
huwelijk,0.9925114,geboorte,0.007488358,sint,2.3007652e-07,speelgoed,4.454205e-08,vakantie,2.0471977e-09
huwelijk,0.9173516,geboorte,0.08260157,speelgoed,4.5451143e-05,sint,1.0561007e-06,vakantie,2.1829648e-07
huwelijk,0.9830048,vakantie,0.01245413,geboorte,0.0043613627,speelgoed,0.00017900301,sint,6.558222e-07
huwelijk,0.7061264,geboorte,0.28865138,speelgoed,0.0039690756,sint,0.0012090079,vakantie,4.414689e-05
huwelijk,0.9874248,geboorte,0.012569223,speelgoed,2.9942794e-06,sint,2.9878843e-06,vakantie,1.4445247e-07
geboorte,0.9721467,vakantie,0.016593311,speelgoed,0.009481455,huwelijk,0.0017785461,sint,4.6271335e-08
huwelijk,0.9694388,geboorte,0.030561117,speelgoed,1.2338658e-07,sint,3.9080503e-09,vakantie,1.4568986e-09
huwelijk,0.99992824,geboorte,7.173887e-05,sint,4.1764454e-09,speelgoed,1.8124756e-10,vakantie,3.0996625e-11
huwelijk,0.9999981,geboorte,1.9175045e-06,sint,9.0147034e-10,speelgoed,1.3448107e-11,vakantie,4.5086005e-12
huwelijk,0.99763834,geboorte,0.0023616473,sint,3.2934273e-09,speelgoed,7.0180256e-10,vakantie,3.659519e-11
huwelijk,0.9888389,geboorte,0.011160758,speelgoed,3.1115428e-07,sint,5.508718e-08,vakantie,2.7807879e-08
huwelijk,0.9994808,geboorte,0.0005190712,sint,1.3191892e-07,speelgoed,1.3916481e-09,vakantie,1.6706483e-11
huwelijk,0.6593189,geboorte,0.34059596,speelgoed,7.617521e-05,sint,9.074323e-06,vakantie,2.2281633e-08
geboorte,0.94231606,huwelijk,0.05760202,speelgoed,7.757322e-05,sint,4.2533557e-06,vakantie,5.53829e-09
huwelijk,0.7608621,geboorte,0.23912415,sint,7.669015e-06,speelgoed,6.074952e-06,vakantie,3.2803644e-08
geboorte,0.9826005,huwelijk,0.017397096,speelgoed,1.1941714e-06,sint,1.1794453e-06,vakantie,2.0793692e-10
huwelijk,0.9999459,geboorte,5.4011387e-05,sint,8.773675e-08,speelgoed,1.8525239e-09,vakantie,2.0839473e-11
huwelijk,0.98197055,geboorte,0.018028367,sint,5.6797677e-07,speelgoed,4.940403e-07,vakantie,5.0567774e-08
geboorte,0.99988854,huwelijk,0.00011047361,speelgoed,8.968422e-07,sint,7.455624e-09,vakantie,1.06966186e-10
huwelijk,0.98709536,geboorte,0.012904481,speelgoed,8.186651e-08,vakantie,2.3124729e-09,sint,1.4033699e-09
huwelijk,0.9799943,geboorte,0.019999595,speelgoed,3.3296403e-06,vakantie,2.7124777e-06,sint,3.35208e-08
geboorte,0.64812684,huwelijk,0.35077524,vakantie,0.00085632486,speelgoed,0.00024162956,sint,2.5681377e-08
huwelijk,0.9975598,geboorte,0.002440259,sint,2.6134478e-08,speelgoed,7.1759207e-09,vakantie,1.9047517e-12
geboorte,0.94519645,huwelijk,0.05370255,speelgoed,0.0010963068,sint,4.422521e-06,vakantie,1.7222564e-07
huwelijk,0.9891416,geboorte,0.010858307,speelgoed,6.736798e-08,sint,3.5463817e-08,vakantie,9.376985e-11
huwelijk,0.9994491,geboorte,0.0005508772,sint,3.0519413e-08,speelgoed,2.1345723e-08,vakantie,1.7245877e-09
huwelijk,0.9998753,geboorte,0.00012465598,sint,5.0203736e-10,speelgoed,3.8066952e-10,vakantie,2.6461703e-11
huwelijk,0.99756384,geboorte,0.0024362183,sint,2.5751437e-09,speelgoed,1.5925756e-09,vakantie,7.267832e-11
huwelijk,0.9999988,geboorte,1.0747846e-06,sint,8.9117e-08,speelgoed,1.0482694e-08,vakantie,4.7982103e-09
geboorte,0.5053409,huwelijk,0.49465328,speelgoed,5.4419224e-06,sint,4.1757605e-07,vakantie,6.246535e-08
geboorte,0.95327204,huwelijk,0.04519674,speelgoed,0.0013871554,sint,0.00014216639,vakantie,1.9869333e-06
huwelijk,0.8383863,geboorte,0.16161074,speelgoed,1.6729444e-06,sint,1.2639553e-06,vakantie,3.941176e-09
geboorte,0.8861339,huwelijk,0.11345359,speelgoed,0.00039611105,vakantie,1.2742481e-05,sint,3.6010229e-06
huwelijk,0.9991041,geboorte,0.0008956829,speelgoed,1.9003059e-07,vakantie,4.2870983e-08,sint,9.894039e-09
huwelijk,0.9999963,geboorte,3.7169425e-06,sint,2.0787773e-10,speelgoed,4.1392905e-12,vakantie,2.9296758e-12
huwelijk,0.99991226,geboorte,8.771636e-05,sint,5.236821e-10,vakantie,1.281714e-10,speelgoed,5.0846712e-11
huwelijk,0.99713767,geboorte,0.0028621156,speelgoed,1.4546454e-07,sint,9.2337935e-08,vakantie,4.707252e-09
huwelijk,0.99565864,geboorte,0.00388682,speelgoed,0.0002983555,vakantie,0.00015519912,sint,1.0048129e-06
huwelijk,0.99665475,geboorte,0.0033441074,speelgoed,8.488243e-07,vakantie,1.7562512e-07,sint,6.952347e-08
geboorte,0.5035783,speelgoed,0.3650327,huwelijk,0.10520339,vakantie,0.025982069,sint,0.00020362357
huwelijk,0.9800757,geboorte,0.019376058,sint,0.00054764334,speelgoed,6.8518574e-07,vakantie,9.760143e-09
huwelijk,0.99991393,geboorte,8.606251e-05,speelgoed,2.3651857e-08,sint,2.2783109e-08,vakantie,3.4852618e-10
huwelijk,0.9999175,geboorte,3.154871e-05,vakantie,2.9473113e-05,sint,2.0509333e-05,speelgoed,1.0026655e-06
huwelijk,0.9997706,geboorte,0.00022947871,speelgoed,7.717717e-09,vakantie,4.3084474e-09,sint,4.1476076e-09
huwelijk,0.9994962,geboorte,0.00050374115,sint,1.756476e-09,speelgoed,5.9109106e-11,vakantie,1.535151e-11
huwelijk,0.6062974,vakantie,0.32412562,speelgoed,0.03522564,geboorte,0.034142684,sint,0.00020876781
huwelijk,0.9818173,geboorte,0.018078336,speelgoed,7.699958e-05,sint,2.7262284e-05,vakantie,4.216515e-08
geboorte,0.8802254,huwelijk,0.11963977,speelgoed,0.0001304213,sint,4.126845e-06,vakantie,3.6277208e-07
huwelijk,0.9999044,geboorte,9.007239e-05,sint,5.3451263e-06,speelgoed,9.0440054e-08,vakantie,1.6570425e-09
huwelijk,0.99951375,geboorte,0.00041717835,sint,6.680387e-05,speelgoed,2.27104e-06,vakantie,4.5451365e-10
huwelijk,0.74846864,geboorte,0.25152403,speelgoed,5.8785604e-06,sint,1.538091e-06,vakantie,1.7970884e-09
huwelijk,0.9999957,geboorte,4.20115e-06,sint,7.683808e-08,speelgoed,4.886098e-09,vakantie,2.4954034e-09
huwelijk,0.8204489,geboorte,0.17948839,speelgoed,3.454345e-05,sint,2.7801427e-05,vakantie,4.9583616e-07
huwelijk,0.8948891,geboorte,0.10510987,speelgoed,1.0409335e-06,sint,4.9825864e-08,vakantie,9.9222515e-09
geboorte,0.767564,speelgoed,0.23241143,sint,2.1405822e-05,vakantie,1.5809958e-06,huwelijk,1.5467496e-06
speelgoed,0.77580476,vakantie,0.22375418,geboorte,0.0004395809,sint,1.3686891e-06,huwelijk,1.2939155e-07
geboorte,0.9962484,speelgoed,0.0037511007,sint,3.5890736e-07,vakantie,7.149644e-08,huwelijk,2.9441403e-09
speelgoed,0.9873756,geboorte,0.012513896,vakantie,8.976055e-05,sint,1.884342e-05,huwelijk,1.8475898e-06
huwelijk,0.9999546,geboorte,4.512382e-05,vakantie,1.1442431e-07,speelgoed,1.09421066e-07,sint,2.1878119e-08
huwelijk,0.9955539,vakantie,0.003386793,speelgoed,0.0007146916,geboorte,0.0003414655,sint,3.208126e-06
huwelijk,0.99876404,geboorte,0.0012359758,sint,1.0643325e-09,speelgoed,5.574074e-10,vakantie,1.6237475e-11
speelgoed,0.9879602,vakantie,0.011879901,geboorte,0.0001574837,sint,2.2048227e-06,huwelijk,2.0805508e-07
speelgoed,0.9975842,vakantie,0.002248707,geboorte,0.00016577724,sint,1.3030904e-06,huwelijk,1.5488613e-09
geboorte,0.9886242,speelgoed,0.011371785,huwelijk,2.7593196e-06,vakantie,6.5364316e-07,sint,6.314281e-07
geboorte,0.9999274,speelgoed,6.845979e-05,sint,3.049968e-06,huwelijk,1.0762976e-06,vakantie,8.347691e-10
vakantie,0.99929297,speelgoed,0.0007027434,huwelijk,1.6998607e-06,sint,1.4854854e-06,geboorte,1.0427999e-06
vakantie,0.9974954,speelgoed,0.0022897758,huwelijk,0.0001603975,geboorte,5.3481974e-05,sint,9.8302e-07
speelgoed,0.9990594,sint,0.00060631067,geboorte,0.00030867895,vakantie,1.8122199e-05,huwelijk,7.482497e-06
huwelijk,0.99196154,geboorte,0.007968323,sint,5.3131527e-05,speelgoed,1.7078752e-05,vakantie,5.335616e-09
geboorte,0.99965334,speelgoed,0.00026211917,sint,6.78103e-05,huwelijk,1.5973827e-05,vakantie,7.5319093e-07
huwelijk,0.9863635,geboorte,0.0068025463,sint,0.0036807198,speelgoed,0.003153297,vakantie,3.064373e-08
geboorte,0.9858695,speelgoed,0.014130341,sint,1.4903476e-07,vakantie,4.884656e-08,huwelijk,6.564838e-09
speelgoed,0.99907637,sint,0.00048956677,geboorte,0.00043387528,vakantie,6.9141876e-08,huwelijk,2.3191131e-09
speelgoed,0.9984968,sint,0.0013071172,geboorte,0.00019597776,vakantie,9.9414336e-08,huwelijk,6.901436e-10
speelgoed,0.9962501,geboorte,0.0035831223,sint,0.00016614534,vakantie,6.225134e-07,huwelijk,3.750296e-08
geboorte,0.9952531,speelgoed,0.0047237608,huwelijk,2.3029004e-05,sint,1.368369e-07,vakantie,1.7522858e-08
huwelijk,0.9990496,sint,0.0006466501,speelgoed,0.00023634502,geboorte,6.57041e-05,vakantie,1.613897e-06
speelgoed,0.998547,vakantie,0.0007790688,geboorte,0.0006557214,sint,1.7974504e-05,huwelijk,2.1515658e-07
speelgoed,0.9949635,sint,0.003332958,geboorte,0.0015896992,vakantie,0.00010732398,huwelijk,6.4549267e-06
huwelijk,0.99993944,geboorte,6.0515405e-05,speelgoed,1.6917641e-09,sint,9.0276125e-10,vakantie,1.6621638e-11
speelgoed,0.9578603,geboorte,0.041763827,sint,0.00037443065,vakantie,1.5013411e-06,huwelijk,1.3360706e-08
geboorte,0.9532574,speelgoed,0.04668925,sint,4.9784063e-05,huwelijk,2.710878e-06,vakantie,7.713994e-07
sint,0.97408676,speelgoed,0.025909493,geboorte,2.0014445e-06,vakantie,1.2167632e-06,huwelijk,5.2370274e-07
vakantie,0.9999471,speelgoed,2.868573e-05,huwelijk,2.3904091e-05,geboorte,3.242101e-07,sint,3.932631e-08
sint,0.8051257,speelgoed,0.19484183,geboorte,1.7033159e-05,vakantie,9.5441355e-06,huwelijk,5.891141e-06
geboorte,0.9834488,speelgoed,0.016538046,sint,1.2457989e-05,vakantie,7.4564883e-07,huwelijk,1.2948014e-08
geboorte,0.9999486,speelgoed,4.9632643e-05,huwelijk,1.7217391e-06,sint,1.3639529e-07,vakantie,2.196944e-08
huwelijk,0.9757877,sint,0.016911993,geboorte,0.0072940066,speelgoed,6.281347e-06,vakantie,2.4693474e-09
huwelijk,0.9999757,geboorte,2.4304945e-05,vakantie,8.113802e-09,speelgoed,1.4301103e-09,sint,1.5928454e-10
speelgoed,0.6071243,sint,0.25004712,geboorte,0.14203718,huwelijk,0.0007902577,vakantie,1.0570586e-06
huwelijk,0.93726027,geboorte,0.062488757,sint,0.00015948791,speelgoed,9.103716e-05,vakantie,3.9670914e-07
speelgoed,0.9997682,sint,0.00012397933,geboorte,0.00010635181,vakantie,1.3971471e-06,huwelijk,9.762117e-09
speelgoed,0.9993507,geboorte,0.00039433478,sint,0.00025253123,vakantie,2.3370826e-06,huwelijk,4.1173724e-08
speelgoed,0.98886347,sint,0.010465837,geboorte,0.00064398994,vakantie,2.6142616e-05,huwelijk,5.012285e-07
speelgoed,0.824169,sint,0.0726503,geboorte,0.0630513,vakantie,0.03809256,huwelijk,0.0020368071
huwelijk,0.99997747,geboorte,2.2417105e-05,sint,1.3329661e-07,speelgoed,5.1932787e-09,vakantie,1.6622603e-09
huwelijk,0.9948894,vakantie,0.0025456708,geboorte,0.001671377,speelgoed,0.0008496388,sint,4.3908483e-05
huwelijk,0.99989605,geboorte,9.243778e-05,vakantie,1.0799669e-05,speelgoed,3.028963e-07,sint,1.8272499e-07
vakantie,0.9318905,geboorte,0.030604519,huwelijk,0.020945922,speelgoed,0.016541561,sint,1.753684e-05
huwelijk,0.3902888,vakantie,0.38013414,geboorte,0.21416622,speelgoed,0.01538979,sint,2.1116273e-05
huwelijk,0.9999933,sint,3.8599064e-06,geboorte,2.6475066e-06,speelgoed,2.9241338e-07,vakantie,7.782876e-09
speelgoed,0.99880016,sint,0.0011899549,vakantie,8.1007065e-06,geboorte,1.7555584e-06,huwelijk,2.7309524e-09
geboorte,0.9970553,speelgoed,0.0029447232,huwelijk,2.4760045e-08,vakantie,1.5227709e-08,sint,9.291696e-09
speelgoed,0.73463064,geboorte,0.1724719,huwelijk,0.06816324,vakantie,0.024716055,sint,1.81347e-05
vakantie,0.9707791,speelgoed,0.019868769,geboorte,0.008923709,huwelijk,0.00042681335,sint,1.560881e-06
huwelijk,0.9999505,geboorte,4.932828e-05,speelgoed,5.972927e-08,sint,3.4841816e-09,vakantie,4.8223436e-10
huwelijk,0.9999976,vakantie,1.4805794e-06,geboorte,9.898828e-07,speelgoed,2.754254e-08,sint,5.6164358e-09
huwelijk,0.9981464,geboorte,0.001853654,vakantie,4.4884976e-09,sint,3.837195e-09,speelgoed,2.1823472e-09
speelgoed,0.9921302,geboorte,0.005685356,vakantie,0.0021836294,sint,7.1144115e-07,huwelijk,6.4145404e-08
speelgoed,0.597244,geboorte,0.40241316,sint,0.00034138586,vakantie,1.2776125e-06,huwelijk,1.15802656e-07
geboorte,0.98677295,speelgoed,0.013226757,sint,2.332519e-07,vakantie,1.2491004e-07,huwelijk,2.3062918e-09
speelgoed,0.50108457,geboorte,0.49882886,vakantie,5.1660914e-05,sint,3.4403154e-05,huwelijk,5.4188934e-07
huwelijk,0.99221486,geboorte,0.0077844267,speelgoed,5.127038e-07,vakantie,2.458629e-07,sint,3.1419272e-09
huwelijk,0.9979692,geboorte,0.0020294879,sint,1.2263001e-06,speelgoed,6.721554e-08,vakantie,9.613753e-09
speelgoed,0.99982566,geboorte,0.00015341664,sint,1.1294452e-05,vakantie,9.607936e-06,huwelijk,1.1191571e-09
geboorte,0.99999547,speelgoed,4.5681827e-06,huwelijk,3.2454956e-08,sint,2.7419447e-09,vakantie,5.8883697e-11
geboorte,0.98828655,speelgoed,0.0116197895,sint,9.318962e-05,huwelijk,4.527601e-07,vakantie,2.9783186e-08
speelgoed,0.5060612,geboorte,0.49143937,vakantie,0.0024380821,huwelijk,5.48855e-05,sint,6.436447e-06
geboorte,0.993034,speelgoed,0.006965833,sint,7.401468e-08,vakantie,4.1740056e-09,huwelijk,2.9822864e-10
speelgoed,0.90980107,vakantie,0.08086846,geboorte,0.009180404,huwelijk,0.00014819531,sint,1.8398194e-06
geboorte,0.7758123,huwelijk,0.22375967,speelgoed,0.00025117624,sint,0.00017578041,vakantie,1.0547061e-06
huwelijk,0.9995271,geboorte,0.0004695296,sint,3.2955259e-06,speelgoed,5.1033435e-08,vakantie,3.55519e-10
huwelijk,0.99999845,geboorte,1.5315499e-06,sint,2.491444e-09,vakantie,6.383207e-11,speelgoed,3.9828307e-11
huwelijk,0.99599046,geboorte,0.003970636,speelgoed,3.75229e-05,sint,8.510281e-07,vakantie,6.167035e-07
huwelijk,0.99998903,geboorte,1.1002915e-05,sint,9.920701e-10,speelgoed,2.6200292e-10,vakantie,4.4057764e-11
huwelijk,0.9996253,geboorte,0.00037444662,speelgoed,2.2852913e-07,vakantie,6.4321894e-09,sint,2.576005e-09
huwelijk,0.9957985,sint,0.0039204047,geboorte,0.00025147313,speelgoed,2.9400646e-05,vakantie,1.7947144e-07
huwelijk,0.9999993,geboorte,7.7311387e-07,sint,2.1136088e-08,speelgoed,3.0382447e-11,vakantie,1.5007439e-12
geboorte,0.975911,huwelijk,0.023860391,speelgoed,0.0002260538,vakantie,2.5171942e-06,sint,4.0866272e-08
huwelijk,0.9996718,vakantie,0.00017495762,geboorte,0.000106778025,speelgoed,2.3392577e-05,sint,2.3089593e-05
huwelijk,0.9997465,geboorte,0.00018114208,sint,7.1482114e-05,speelgoed,7.8391776e-07,vakantie,2.5860898e-09
geboorte,0.82546496,huwelijk,0.1223674,sint,0.040244788,speelgoed,0.011915636,vakantie,7.195628e-06
geboorte,0.5917779,huwelijk,0.40717572,speelgoed,0.0008966532,vakantie,0.00014804969,sint,1.6042571e-06
huwelijk,0.9999988,geboorte,1.219342e-06,sint,6.4507275e-09,speelgoed,6.6223506e-11,vakantie,1.1879857e-11
huwelijk,0.9993305,vakantie,0.0003585444,geboorte,0.00028546707,speelgoed,1.6246022e-05,sint,9.291277e-06
huwelijk,0.99528813,geboorte,0.0046955226,sint,1.3417475e-05,speelgoed,2.8585657e-06,vakantie,1.15777766e-07
vakantie,0.9749629,speelgoed,0.022552436,huwelijk,0.0021339678,geboorte,0.00034893374,sint,1.8209716e-06
huwelijk,0.9889725,geboorte,0.01102294,speelgoed,2.4074866e-06,sint,2.1833478e-06,vakantie,5.1922715e-08
huwelijk,0.9963463,geboorte,0.0035899144,sint,3.887808e-05,speelgoed,2.4872526e-05,vakantie,1.1977923e-07
geboorte,0.9308027,huwelijk,0.06898017,speelgoed,0.00021144208,vakantie,5.554417e-06,sint,1.16183934e-07
huwelijk,0.8112707,geboorte,0.18722692,speelgoed,0.0013721942,vakantie,7.2690076e-05,sint,5.7429632e-05
huwelijk,0.99331677,geboorte,0.006661338,sint,2.0274125e-05,speelgoed,1.442575e-06,vakantie,2.6120725e-07
huwelijk,0.99680567,geboorte,0.0031669112,sint,2.4591553e-05,speelgoed,2.7551175e-06,vakantie,1.551887e-07
huwelijk,0.99926215,geboorte,0.0006438954,sint,6.8905065e-05,speelgoed,1.4739959e-05,vakantie,1.0408071e-05
huwelijk,0.72311795,geboorte,0.2764332,speelgoed,0.00026870368,sint,0.0001251833,vakantie,5.501904e-05
huwelijk,0.9900317,geboorte,0.00637652,speelgoed,0.0017527955,sint,0.0014308166,vakantie,0.0004081377
huwelijk,0.9999702,geboorte,2.95898e-05,sint,2.918553e-07,speelgoed,4.903675e-09,vakantie,1.2041784e-11
geboorte,0.99194545,huwelijk,0.007598825,speelgoed,0.0003209872,sint,0.00013480411,vakantie,4.4134765e-08
huwelijk,0.9990753,geboorte,0.0009238975,sint,7.4000235e-07,speelgoed,1.417913e-07,vakantie,7.601254e-10
huwelijk,0.9999689,geboorte,3.107873e-05,speelgoed,1.4941251e-10,sint,1.1038442e-10,vakantie,2.2822777e-11
geboorte,0.5231417,huwelijk,0.47678474,speelgoed,6.883384e-05,vakantie,4.66833e-06,sint,1.9955888e-08
huwelijk,0.9885012,geboorte,0.011460582,speelgoed,2.4870034e-05,sint,1.3302236e-05,vakantie,8.6791445e-09
huwelijk,0.9963026,geboorte,0.0036948759,speelgoed,1.7454846e-06,sint,7.577691e-07,vakantie,1.1946351e-08
huwelijk,0.9999273,geboorte,7.271032e-05,sint,4.73353e-09,speelgoed,7.6736223e-10,vakantie,2.2562927e-10
huwelijk,0.9910539,geboorte,0.008944097,speelgoed,1.4204708e-06,vakantie,3.0969542e-07,sint,2.6753204e-07
huwelijk,0.9999963,geboorte,3.7092018e-06,speelgoed,7.2498035e-11,sint,6.641815e-11,vakantie,2.0773652e-11
geboorte,0.9981963,huwelijk,0.0013671109,speelgoed,0.0002834099,sint,0.00015314792,vakantie,5.421369e-08
geboorte,0.9644875,speelgoed,0.035510115,sint,2.2423483e-06,vakantie,7.9378225e-08,huwelijk,2.0189017e-08
geboorte,0.9634057,huwelijk,0.030385094,sint,0.005981477,speelgoed,0.00022772938,vakantie,1.8712598e-08
geboorte,0.9999945,speelgoed,5.4777847e-06,sint,1.2560519e-09,huwelijk,7.534138e-10,vakantie,6.097887e-10
geboorte,0.9918006,speelgoed,0.0077885524,huwelijk,0.00029395605,vakantie,0.00011695966,sint,2.3707345e-08
speelgoed,0.9997702,sint,0.00022308792,geboorte,5.744184e-06,vakantie,9.846502e-07,huwelijk,3.8268343e-08
speelgoed,0.99986637,sint,7.3625466e-05,geboorte,5.7259836e-05,vakantie,2.799499e-06,huwelijk,1.6500286e-09
geboorte,0.99978954,speelgoed,0.00012582348,huwelijk,5.7321435e-05,sint,2.725453e-05,vakantie,1.7179586e-08
geboorte,0.99980146,speelgoed,0.0001815583,sint,1.694101e-05,huwelijk,1.2074457e-07,vakantie,3.322175e-09
huwelijk,0.99999833,geboorte,1.7144611e-06,sint,2.0863933e-09,speelgoed,3.6722025e-10,vakantie,9.399833e-12
huwelijk,0.99999547,geboorte,4.516848e-06,sint,5.7425034e-08,speelgoed,2.3424406e-08,vakantie,1.4142293e-09
speelgoed,0.93161345,sint,0.06308191,geboorte,0.0053040083,vakantie,5.4946366e-07,huwelijk,1.3089648e-07
speelgoed,0.99939847,geboorte,0.00031665544,sint,0.00028453735,vakantie,3.7413264e-07,huwelijk,1.631973e-10
speelgoed,0.99876225,sint,0.0011966815,geboorte,3.5851892e-05,vakantie,5.0720982e-06,huwelijk,1.692632e-07
huwelijk,0.97256356,geboorte,0.027435947,speelgoed,3.825186e-07,sint,1.1786802e-07,vakantie,2.9275833e-08
speelgoed,0.9971583,geboorte,0.0028273785,sint,1.4125026e-05,vakantie,2.3558495e-07,huwelijk,3.5146035e-09
speelgoed,0.999801,sint,0.00018550637,geboorte,7.198161e-06,vakantie,6.29019e-06,huwelijk,6.350294e-10
speelgoed,0.5239016,geboorte,0.26346132,sint,0.19315742,huwelijk,0.018997967,vakantie,0.00048171091
speelgoed,0.99939716,geboorte,0.0005563944,sint,3.9175524e-05,vakantie,7.203465e-06,huwelijk,6.627952e-08
vakantie,0.7716888,speelgoed,0.22722298,geboorte,0.0009287089,huwelijk,0.00015510598,sint,4.3771665e-06
speelgoed,0.52162075,geboorte,0.47784513,sint,0.0005318978,huwelijk,1.3446623e-06,vakantie,8.426117e-07
huwelijk,0.99983716,geboorte,0.00016268223,sint,1.1219133e-07,speelgoed,2.4167285e-08,vakantie,1.5054902e-10
vakantie,0.998706,speelgoed,0.0010003602,huwelijk,0.00023427335,geboorte,5.9146878e-05,sint,1.8604237e-07
speelgoed,0.9996464,geboorte,0.00023585556,sint,0.00011185742,vakantie,5.8811224e-06,huwelijk,7.4973826e-08
huwelijk,0.9998982,vakantie,5.93233e-05,geboorte,3.9110888e-05,speelgoed,3.3834501e-06,sint,3.7989523e-08
vakantie,0.98730254,speelgoed,0.012692088,geboorte,4.7712215e-06,sint,5.5718834e-07,huwelijk,7.090323e-08
vakantie,0.99993193,speelgoed,6.709883e-05,geboorte,8.0454123e-07,sint,1.4960611e-07,huwelijk,6.967895e-08
vakantie,0.99989784,speelgoed,0.00010187791,geboorte,1.8908077e-07,sint,7.867445e-08,huwelijk,2.4960837e-08
vakantie,0.99990034,speelgoed,9.825121e-05,geboorte,1.3652086e-06,huwelijk,6.285615e-08,sint,6.6831167e-09
huwelijk,0.999605,geboorte,0.00039442725,speelgoed,3.05193e-07,vakantie,2.5335095e-07,sint,5.7617906e-09
vakantie,0.999466,speelgoed,0.0005231406,geboorte,9.206673e-06,huwelijk,1.6583053e-06,sint,4.033467e-08
vakantie,0.99997914,speelgoed,1.7269085e-05,geboorte,2.9950813e-06,huwelijk,6.07757e-07,sint,2.6382844e-08
huwelijk,0.9952205,sint,0.003927382,geboorte,0.00085070607,speelgoed,1.3789792e-06,vakantie,7.7452966e-10
vakantie,0.9999913,speelgoed,6.890706e-06,huwelijk,1.5881864e-06,geboorte,1.9875148e-07,sint,1.9587865e-09
huwelijk,0.7669577,geboorte,0.23248644,speelgoed,0.0005450177,sint,1.0504498e-05,vakantie,4.0156067e-07
huwelijk,0.9999814,geboorte,1.8651124e-05,sint,1.2560122e-08,speelgoed,1.3599509e-10,vakantie,2.0161641e-12
huwelijk,0.9582617,speelgoed,0.031300306,sint,0.008643607,geboorte,0.0012776249,vakantie,0.0005168428
huwelijk,0.99582314,geboorte,0.0040611913,sint,8.033823e-05,speelgoed,3.20354e-05,vakantie,3.206589e-06
huwelijk,0.9834554,sint,0.016239438,geboorte,0.0002978051,speelgoed,7.1964473e-06,vakantie,2.541941e-07
speelgoed,0.93317825,sint,0.06679066,geboorte,2.5925681e-05,vakantie,5.170293e-06,huwelijk,3.833484e-08
geboorte,0.99973196,speelgoed,0.00022681072,huwelijk,4.0110368e-05,vakantie,9.954192e-07,sint,1.1434691e-07
speelgoed,0.9999496,sint,2.8634362e-05,vakantie,1.15901e-05,geboorte,1.0206947e-05,huwelijk,5.830403e-10
vakantie,0.98211265,speelgoed,0.014294138,huwelijk,0.0028257044,geboorte,0.0007406375,sint,2.685197e-05
vakantie,0.99983084,speelgoed,0.00014760709,geboorte,1.1062152e-05,huwelijk,1.0396986e-05,sint,2.0156648e-08
vakantie,0.9999726,speelgoed,2.2684204e-05,huwelijk,4.614663e-06,geboorte,1.0670105e-07,sint,2.652314e-08
vakantie,0.99987304,huwelijk,7.557311e-05,speelgoed,2.6865315e-05,geboorte,2.4517549e-05,sint,9.19511e-09
vakantie,0.9999044,speelgoed,9.5049436e-05,geboorte,3.9182999e-07,huwelijk,7.448668e-08,sint,2.1808194e-08
geboorte,0.88889736,speelgoed,0.10309624,huwelijk,0.0075503974,vakantie,0.00045423472,sint,1.712726e-06
speelgoed,0.9862933,geboorte,0.01275852,sint,0.0009330617,vakantie,1.1686408e-05,huwelijk,3.4973966e-06
speelgoed,0.9979215,sint,0.0011140716,geboorte,0.00095341186,vakantie,8.78984e-06,huwelijk,2.1785863e-06
speelgoed,0.9402593,vakantie,0.059737626,sint,1.7225061e-06,geboorte,8.238352e-07,huwelijk,5.2924946e-07
speelgoed,0.9999484,sint,4.4226046e-05,vakantie,6.7287406e-06,geboorte,7.3889305e-07,huwelijk,3.972513e-10
speelgoed,0.99690944,sint,0.0030416779,vakantie,4.5254874e-05,geboorte,3.4940967e-06,huwelijk,1.040719e-07
geboorte,0.99459404,speelgoed,0.0036622789,sint,0.000976651,huwelijk,0.0007661207,vakantie,9.413186e-07
speelgoed,0.92736846,sint,0.072425656,vakantie,0.00013003024,geboorte,7.33981e-05,huwelijk,2.4652045e-06
speelgoed,0.99595696,sint,0.004013768,geboorte,2.4609943e-05,vakantie,4.502667e-06,huwelijk,8.0259e-08
speelgoed,0.99988663,geboorte,5.270509e-05,vakantie,4.436212e-05,sint,1.636302e-05,huwelijk,3.6337594e-10
geboorte,0.9725054,speelgoed,0.02156651,huwelijk,0.0059037628,sint,1.684429e-05,vakantie,7.507141e-06
speelgoed,0.593292,geboorte,0.3941423,vakantie,0.012189069,huwelijk,0.00029126127,sint,8.538696e-05
vakantie,0.9994205,speelgoed,0.00055655226,geboorte,1.4048105e-05,huwelijk,5.315599e-06,sint,3.6409613e-06
vakantie,0.99575126,speelgoed,0.0041016983,geboorte,0.00011461943,huwelijk,3.201632e-05,sint,3.496982e-07
huwelijk,0.999998,geboorte,1.9992547e-06,vakantie,7.205489e-09,speelgoed,1.4707912e-09,sint,6.149319e-11
huwelijk,0.9985367,speelgoed,0.000750596,geboorte,0.0005692508,sint,7.63014e-05,vakantie,6.718616e-05
huwelijk,0.9355319,geboorte,0.06436854,speelgoed,8.74073e-05,vakantie,1.1541698e-05,sint,5.520606e-07
speelgoed,0.9997079,vakantie,0.00021614827,geboorte,6.410839e-05,sint,1.1793751e-05,huwelijk,1.2080093e-08
speelgoed,0.99996114,sint,2.4655594e-05,vakantie,7.5358703e-06,geboorte,6.658683e-06,huwelijk,1.0534847e-09
huwelijk,0.99999976,geboorte,2.0185959e-07,vakantie,1.10061436e-08,speelgoed,2.397944e-09,sint,1.8171823e-09
huwelijk,0.9999999,geboorte,1.1039053e-07,sint,2.9211283e-11,speelgoed,5.809975e-12,vakantie,4.072404e-12
huwelijk,0.98888373,geboorte,0.011092682,speelgoed,2.2258211e-05,vakantie,1.1918661e-06,sint,8.559873e-08
huwelijk,0.9999962,geboorte,3.52319e-06,vakantie,2.3695854e-07,speelgoed,1.8551356e-08,sint,4.510336e-09
huwelijk,0.9999975,geboorte,2.5115294e-06,speelgoed,4.882869e-11,vakantie,4.1482758e-11,sint,6.23771e-12
geboorte,0.83457303,huwelijk,0.14811268,speelgoed,0.0145783555,vakantie,0.0027353896,sint,5.981039e-07
geboorte,0.99411017,speelgoed,0.0035442384,sint,0.0022980282,huwelijk,4.746618e-05,vakantie,1.0055217e-07
speelgoed,0.9997669,sint,0.00012655459,geboorte,9.575152e-05,vakantie,1.08216245e-05,huwelijk,5.846678e-09
